一级分类,二级分类关键词,精选账号UID,,,,,,,,,,,,,,,,,,,,,,,,,,,,,,,,,,,,,,,,,,,,,,,,,,,,,,,,,,,,,,,,,,,,,,,,,,,,,,,,,,,,,,,,,,
才艺,多米诺骨牌,629993259009177652,629895401912269893,,,,,,,,,,,,,,,,,,,,,,,,,,,,,,,,,,,,,,,,,,,,,,,,,,,,,,,,,,,,,,,,,,,,,,,,,,,,,,,,,,,,,,,,,
才艺,发明,588622810744748073,629918402812705850,625591347354662982,629918498887433307,628502329102039097,629895879333115908,620661165770536984,625591275212634174,634078403269622788,,,,,,,,,,,,,,,,,,,,,,,,,,,,,,,,,,,,,,,,,,,,,,,,,,,,,,,,,,,,,,,,,,,,,,,,,,,,,,,,,,
才艺,绘画,582835464879339527,583374177384396849,583303052642089048,583288261026379840,626114777141344266,614041412821974057,629858742042753094,645738831229876320,614384932501978207,630673827950622769,625759265241561094,629920513134819407,632937513910139955,614049742592276553,630616065438776358,606671070281463899,594406106405664809,,,,,,,,,,,,,,,,,,,,,,,,,,,,,,,,,,,,,,,,,,,,,,,,,,,,,,,,,,,,,,,,,,,,,,,,,,
才艺,魔方,593625444585175083,,,,,,,,,,,,,,,,,,,,,,,,,,,,,,,,,,,,,,,,,,,,,,,,,,,,,,,,,,,,,,,,,,,,,,,,,,,,,,,,,,,,,,,,,,
才艺,平衡术,,,,,,,,,,,,,,,,,,,,,,,,,,,,,,,,,,,,,,,,,,,,,,,,,,,,,,,,,,,,,,,,,,,,,,,,,,,,,,,,,,,,,,,,,,,
才艺,沙画,,,,,,,,,,,,,,,,,,,,,,,,,,,,,,,,,,,,,,,,,,,,,,,,,,,,,,,,,,,,,,,,,,,,,,,,,,,,,,,,,,,,,,,,,,,
才艺,手艺,629920224558316577,629060272398661711,629880991802063937,645804133229657152,617564111225616394,630601026333964367,559435462241025091,627855961496877060,629983802757872698,626345108008204357,645806651380725841,628280458716773440,629983339236949068,635046691801790496,635060312770476045,617563793330928715,628279883467978802,614228367035726946,627757337555368033,629983003608741982,629984524983467103,635042121201613875,582717927168538651,627602825276423180,625594898848020513,627664632917654534,627102349086817300,635053941245213709,635050123967200354, 629173408464238617,627102208082705485,635044669551671319,614286851144023049,629916727079204919,635074511496150053,645732265533503541,625594412166151202,635051998586207249,614394396621797473,626114059856640061,614354440549431336,,,,,,,,,,,,,,,,,,,,,,,,,,,,,,,,,,,,,,,,,,,,,,,,,,
才艺,特效,610996595347027993,625591331256924192,629884522768497669,629917515272813617,630007791257517089,630004903252719654,620657109375253537,626121199744841768,,,,,,,,,,,,,,,,,,,,,,,,,,,,,,,,,,,,,,,,,,,,,,,,,,,,,,,,,,,,,,,,,,,,,,,,,,,,,,,,,,,
才艺,转笔,,,,,,,,,,,,,,,,,,,,,,,,,,,,,,,,,,,,,,,,,,,,,,,,,,,,,,,,,,,,,,,,,,,,,,,,,,,,,,,,,,,,,,,,,,,
财经,保险,,,,,,,,,,,,,,,,,,,,,,,,,,,,,,,,,,,,,,,,,,,,,,,,,,,,,,,,,,,,,,,,,,,,,,,,,,,,,,,,,,,,,,,,,,,
财经,比特币,610477421268958266,,,,,,,,,,,,,,,,,,,,,,,,,,,,,,,,,,,,,,,,,,,,,,,,,,,,,,,,,,,,,,,,,,,,,,,,,,,,,,,,,,,,,,,,,,
财经,财经知识,603764673604615244,586264417367358486,589907088174611538,596532590222112833,592037317714245687,609728237607712780,589971748689148963,596534441764060219,560395618856597577,583609812628142107,586991229407983631,557994485278178358,561828116236990498,610483143935392858,614051316471299147,606037252235196511,579145520138812484,582699635263535154,,,,,,,,,,,,,,,,,,,,,,,,,,,,,,,,,,,,,,,,,,,,,,,,,,,,,,,,,,,,,,,,,,,,,,,,,
财经,财经资讯,554383837344430140,614075775873842243,634407589645515844,,,,,,,,,,,,,,,,,,,,,,,,,,,,,,,,,,,,,,,,,,,,,,,,,,,,,,,,,,,,,,,,,,,,,,,,,,,,,,,,,,,,,,,,
财经,房地产,586261776113465389,,,,,,,,,,,,,,,,,,,,,,,,,,,,,,,,,,,,,,,,,,,,,,,,,,,,,,,,,,,,,,,,,,,,,,,,,,,,,,,,,,,,,,,,,,
财经,股票,614291232673363987,614039296929823778,610457724892870668,614638612966930443,553223649614756907,,,,,,,,,,,,,,,,,,,,,,,,,,,,,,,,,,,,,,,,,,,,,,,,,,,,,,,,,,,,,,,,,,,,,,,,,,,,,,,,,,,,,,
财经,海外置业,,,,,,,,,,,,,,,,,,,,,,,,,,,,,,,,,,,,,,,,,,,,,,,,,,,,,,,,,,,,,,,,,,,,,,,,,,,,,,,,,,,,,,,,,,,
财经,行销,,,,,,,,,,,,,,,,,,,,,,,,,,,,,,,,,,,,,,,,,,,,,,,,,,,,,,,,,,,,,,,,,,,,,,,,,,,,,,,,,,,,,,,,,,,
财经,宏观经济,592037317714245687,,,,,,,,,,,,,,,,,,,,,,,,,,,,,,,,,,,,,,,,,,,,,,,,,,,,,,,,,,,,,,,,,,,,,,,,,,,,,,,,,,,,,,,,,,
财经,基金,,,,,,,,,,,,,,,,,,,,,,,,,,,,,,,,,,,,,,,,,,,,,,,,,,,,,,,,,,,,,,,,,,,,,,,,,,,,,,,,,,,,,,,,,,,
财经,经济危机,614597104926586958,,,,,,,,,,,,,,,,,,,,,,,,,,,,,,,,,,,,,,,,,,,,,,,,,,,,,,,,,,,,,,,,,,,,,,,,,,,,,,,,,,,,,,,,,,
财经,品牌故事,,,,,,,,,,,,,,,,,,,,,,,,,,,,,,,,,,,,,,,,,,,,,,,,,,,,,,,,,,,,,,,,,,,,,,,,,,,,,,,,,,,,,,,,,,,
财经,期货,,,,,,,,,,,,,,,,,,,,,,,,,,,,,,,,,,,,,,,,,,,,,,,,,,,,,,,,,,,,,,,,,,,,,,,,,,,,,,,,,,,,,,,,,,,
财经,投资,596532590222112833,609728237607712780,,,,,,,,,,,,,,,,,,,,,,,,,,,,,,,,,,,,,,,,,,,,,,,,,,,,,,,,,,,,,,,,,,,,,,,,,,,,,,,,,,,,,,,,,
财经,外汇,,,,,,,,,,,,,,,,,,,,,,,,,,,,,,,,,,,,,,,,,,,,,,,,,,,,,,,,,,,,,,,,,,,,,,,,,,,,,,,,,,,,,,,,,,,
财经,赚钱,606646623981927471,648000252374285389,614039472243341385,,,,,,,,,,,,,,,,,,,,,,,,,,,,,,,,,,,,,,,,,,,,,,,,,,,,,,,,,,,,,,,,,,,,,,,,,,,,,,,,,,,,,,,,
二次元,ASMR,614272706189327407,629981603029974106,629983820189399046,627157771353193506,627844513680981051,629892796628728871,629892008535784486,614272706189327407,629891682369928206,629983820189399046,627157771353193506,614662753375877201,614073444109253697,614268787576929295,,,,,,,,,,,,,,,,,,,,,,,,,,,,,,,,,,,,,,,,,,,,,,,,,,,,,,,,,,,,,,,,,,,,,,,,,,,,,
二次元,cosplay,,,,,,,,,,,,,,,,,,,,,,,,,,,,,,,,,,,,,,,,,,,,,,,,,,,,,,,,,,,,,,,,,,,,,,,,,,,,,,,,,,,,,,,,,,,
二次元,ED,620656630125688912,614217672944647195,614543927183277089,614089302034479135,632826974068406286,614218364602153055,614147531825347654,559767802523810887,614297509071813647,614056715698175054,,,,,,,,,,,,,,,,,,,,,,,,,,,,,,,,,,,,,,,,,,,,,,,,,,,,,,,,,,,,,,,,,,,,,,,,,,,,,,,,,
二次元,MMD,614089302034479135,614095699597982785,614555655648443423,,,,,,,,,,,,,,,,,,,,,,,,,,,,,,,,,,,,,,,,,,,,,,,,,,,,,,,,,,,,,,,,,,,,,,,,,,,,,,,,,,,,,,,,
二次元,OP,559767802523810887,637221497112492068,614056715698175054,,,,,,,,,,,,,,,,,,,,,,,,,,,,,,,,,,,,,,,,,,,,,,,,,,,,,,,,,,,,,,,,,,,,,,,,,,,,,,,,,,,,,,,,
二次元,动漫教学,,,,,,,,,,,,,,,,,,,,,,,,,,,,,,,,,,,,,,,,,,,,,,,,,,,,,,,,,,,,,,,,,,,,,,,,,,,,,,,,,,,,,,,,,,,
二次元,动漫解说,580052180713733182,614039573695167525,584817574871694419,614059974764657684,614053143099079754,614105018787822610,614108625067178030,555114780287958084,583698064567564314,579145173152430119,555097068924958803,614158605274446910,586264419263183962,614053407038240843,614151403755141204,605239390698076173,582672592563993641,614125567303875675,,,,,,,,,,,,,,,,,,,,,,,,,,,,,,,,,,,,,,,,,,,,,,,,,,,,,,,,,,,,,,,,,,,,,,,,,
二次元,番剧,614078944863452209,614302894130330695,614151403755141204,,,,,,,,,,,,,,,,,,,,,,,,,,,,,,,,,,,,,,,,,,,,,,,,,,,,,,,,,,,,,,,,,,,,,,,,,,,,,,,,,,,,,,,,
二次元,搞笑动画,605938167247403049,558063045279087645,589314307299342435,585782114518170718,555161299103906892,564556063364480026,,,,,,,,,,,,,,,,,,,,,,,,,,,,,,,,,,,,,,,,,,,,,,,,,,,,,,,,,,,,,,,,,,,,,,,,,,,,,,,,,,,,,
二次元,国漫,614524637201693781,,,,,,,,,,,,,,,,,,,,,,,,,,,,,,,,,,,,,,,,,,,,,,,,,,,,,,,,,,,,,,,,,,,,,,,,,,,,,,,,,,,,,,,,,,
二次元,汉服,548657121628126285,584842222355217483,,,,,,,,,,,,,,,,,,,,,,,,,,,,,,,,,,,,,,,,,,,,,,,,,,,,,,,,,,,,,,,,,,,,,,,,,,,,,,,,,,,,,,,,,
二次元,JK制服,614217672944647195,,,,,,,,,,,,,,,,,,,,,,,,,,,,,,,,,,,,,,,,,,,,,,,,,,,,,,,,,,,,,,,,,,,,,,,,,,,,,,,,,,,,,,,,,,
二次元,洛丽塔,613141130894243850,,,,,,,,,,,,,,,,,,,,,,,,,,,,,,,,,,,,,,,,,,,,,,,,,,,,,,,,,,,,,,,,,,,,,,,,,,,,,,,,,,,,,,,,,,
二次元,洛天依,614110362784102420,,,,,,,,,,,,,,,,,,,,,,,,,,,,,,,,,,,,,,,,,,,,,,,,,,,,,,,,,,,,,,,,,,,,,,,,,,,,,,,,,,,,,,,,,,
二次元,美漫,593666110082119683,629926395478407224,587757839085337642,587108325777340440,630699833985988660,593666110082119683,629917591995022359,629919375723460612,629929866919278627,,,,,,,,,,,,,,,,,,,,,,,,,,,,,,,,,,,,,,,,,,,,,,,,,,,,,,,,,,,,,,,,,,,,,,,,,,,,,,,,,,
二次元,女仆装,588656682316462103,,,,,,,,,,,,,,,,,,,,,,,,,,,,,,,,,,,,,,,,,,,,,,,,,,,,,,,,,,,,,,,,,,,,,,,,,,,,,,,,,,,,,,,,,,
二次元,Q版,,,,,,,,,,,,,,,,,,,,,,,,,,,,,,,,,,,,,,,,,,,,,,,,,,,,,,,,,,,,,,,,,,,,,,,,,,,,,,,,,,,,,,,,,,,
二次元,日漫,614525100093471776,614146200033164319,614078944863452209,614302894130330695,630615634130107414,614068838654409734,555097068924958803,605237696459307086,614101560827443282,,,,,,,,,,,,,,,,,,,,,,,,,,,,,,,,,,,,,,,,,,,,,,,,,,,,,,,,,,,,,,,,,,,,,,,,,,,,,,,,,,
二次元,声优,,,,,,,,,,,,,,,,,,,,,,,,,,,,,,,,,,,,,,,,,,,,,,,,,,,,,,,,,,,,,,,,,,,,,,,,,,,,,,,,,,,,,,,,,,,
二次元,手办,630447034668809313,607385667904863234,629977415906622509,607385879499111471,584157361139218438,583692822123772988,614089976101075988,,,,,,,,,,,,,,,,,,,,,,,,,,,,,,,,,,,,,,,,,,,,,,,,,,,,,,,,,,,,,,,,,,,,,,,,,,,,,,,,,,,,
二次元,特摄,629929706696865831,629917262909930550,614383287814715463,608025280642152464,614082135973820483,580052180378187783,,,,,,,,,,,,,,,,,,,,,,,,,,,,,,,,,,,,,,,,,,,,,,,,,,,,,,,,,,,,,,,,,,,,,,,,,,,,,,,,,,,,,
二次元,同人,614396695788256258,,,,,,,,,,,,,,,,,,,,,,,,,,,,,,,,,,,,,,,,,,,,,,,,,,,,,,,,,,,,,,,,,,,,,,,,,,,,,,,,,,,,,,,,,,
二次元,娃娃bjd,629883373260766210,630510250514053127,,,,,,,,,,,,,,,,,,,,,,,,,,,,,,,,,,,,,,,,,,,,,,,,,,,,,,,,,,,,,,,,,,,,,,,,,,,,,,,,,,,,,,,,,
二次元,虚拟主播,614110362784102420,614296890260977729,614110362784102420,,,,,,,,,,,,,,,,,,,,,,,,,,,,,,,,,,,,,,,,,,,,,,,,,,,,,,,,,,,,,,,,,,,,,,,,,,,,,,,,,,,,,,,,
二次元,宅舞,614180752189421594,592069196035259438,557564634775812108,582670821586238504,553953275882372184,,,,,,,,,,,,,,,,,,,,,,,,,,,,,,,,,,,,,,,,,,,,,,,,,,,,,,,,,,,,,,,,,,,,,,,,,,,,,,,,,,,,,,
搞笑,段子,,,,,,,,,,,,,,,,,,,,,,,,,,,,,,,,,,,,,,,,,,,,,,,,,,,,,,,,,,,,,,,,,,,,,,,,,,,,,,,,,,,,,,,,,,,
搞笑,恶搞,586264417786787853,592908283445115973,630634924380126269,627849824156383319,595819726557543432,595289307382675483,555115410247251981,557536899328243801,589253270789289989,590009492702361681,614208852851816520,584817862215072811,,,,,,,,,,,,,,,,,,,,,,,,,,,,,,,,,,,,,,,,,,,,,,,,,,,,,,,,,,,,,,,,,,,,,,,,,,,,,,,
搞笑,搞笑短片,612387778329705561,592919908269030425,629925836167969842,635666375538505775,629970458328038492,629050923664145431,630570060567673934,629982588750133342,555115410247251981,608116912527898645,,,,,,,,,,,,,,,,,,,,,,,,,,,,,,,,,,,,,,,,,,,,,,,,,,,,,,,,,,,,,,,,,,,,,,,,,,,,,,,,,
搞笑,搞笑日常,593445908056766512,632933955974331398,633534482311411738,629944885924984847,614071272046983178,599465506367470653,580052179715488776,606037546239129632,614058625406729295,590009492702361681,557536899328243801,614184102935002112,630709656928517131,583698156347324470,614035829976856620,620656936695756851,,,,,,,,,,,,,,,,,,,,,,,,,,,,,,,,,,,,,,,,,,,,,,,,,,,,,,,,,,,,,,,,,,,,,,,,,,,
搞笑,鬼畜,589858844669245443,585014792681552983,635693564837361728,635691547763013649,635672155482355793,614208852851816520,,,,,,,,,,,,,,,,,,,,,,,,,,,,,,,,,,,,,,,,,,,,,,,,,,,,,,,,,,,,,,,,,,,,,,,,,,,,,,,,,,,,,
搞笑,街访,597968404114176040,585013860572985420,614276207334258727,,,,,,,,,,,,,,,,,,,,,,,,,,,,,,,,,,,,,,,,,,,,,,,,,,,,,,,,,,,,,,,,,,,,,,,,,,,,,,,,,,,,,,,,
健康,癌症,,,,,,,,,,,,,,,,,,,,,,,,,,,,,,,,,,,,,,,,,,,,,,,,,,,,,,,,,,,,,,,,,,,,,,,,,,,,,,,,,,,,,,,,,,,
健康,艾滋病,,,,,,,,,,,,,,,,,,,,,,,,,,,,,,,,,,,,,,,,,,,,,,,,,,,,,,,,,,,,,,,,,,,,,,,,,,,,,,,,,,,,,,,,,,,
健康,超级病毒,,,,,,,,,,,,,,,,,,,,,,,,,,,,,,,,,,,,,,,,,,,,,,,,,,,,,,,,,,,,,,,,,,,,,,,,,,,,,,,,,,,,,,,,,,,
健康,疾病,635001945507101723,,,,,,,,,,,,,,,,,,,,,,,,,,,,,,,,,,,,,,,,,,,,,,,,,,,,,,,,,,,,,,,,,,,,,,,,,,,,,,,,,,,,,,,,,,
健康,肩颈腰椎,555156771067525141,607388581276809289,,,,,,,,,,,,,,,,,,,,,,,,,,,,,,,,,,,,,,,,,,,,,,,,,,,,,,,,,,,,,,,,,,,,,,,,,,,,,,,,,,,,,,,,,
健康,两性健康,,,,,,,,,,,,,,,,,,,,,,,,,,,,,,,,,,,,,,,,,,,,,,,,,,,,,,,,,,,,,,,,,,,,,,,,,,,,,,,,,,,,,,,,,,,
健康,心理健康,614145706699127875,,,,,,,,,,,,,,,,,,,,,,,,,,,,,,,,,,,,,,,,,,,,,,,,,,,,,,,,,,,,,,,,,,,,,,,,,,,,,,,,,,,,,,,,,,
健康,牙科,614596112084499459,,,,,,,,,,,,,,,,,,,,,,,,,,,,,,,,,,,,,,,,,,,,,,,,,,,,,,,,,,,,,,,,,,,,,,,,,,,,,,,,,,,,,,,,,,
健康,养生,609015137652832297,,,,,,,,,,,,,,,,,,,,,,,,,,,,,,,,,,,,,,,,,,,,,,,,,,,,,,,,,,,,,,,,,,,,,,,,,,,,,,,,,,,,,,,,,,
健身,肩部训练,,,,,,,,,,,,,,,,,,,,,,,,,,,,,,,,,,,,,,,,,,,,,,,,,,,,,,,,,,,,,,,,,,,,,,,,,,,,,,,,,,,,,,,,,,,
健身,健身操,584731116039174199,,,,,,,,,,,,,,,,,,,,,,,,,,,,,,,,,,,,,,,,,,,,,,,,,,,,,,,,,,,,,,,,,,,,,,,,,,,,,,,,,,,,,,,,,,
健身,健身计划,584964241352685635,603040963033693238,584249372198435910,593631405714570293,635661263579511906,635658360382946341,635651978615191553,603053843598669842,586225783649991698,635656444139665487,635078306829563985,629918137246153769,630612882247253029,635662574131739734,584359917249494091,603054226135972875,557564625732893792,629983048303245328,635069454474147907,604551699165740112,548656091716778079,553868694428710968,629984041766090846,555303298717055057,635072849184423002,585782133795190785,603053190654589003,635083857495980127,635083857495980127,614057831299151933,627787622594508857,614074506056693765,614082286012463150,583691068602711103,634220381877696603,620656575884949577,635644541510219868,614050611635289124,626336026174028887,635646454154787920,614278311549466665,604427597528561665,605244601953025057,645875720695969867,610475444124383283,,,,,,,,,,,,,,,,,,,,,,,,,,,,,,,,,,,,,,,,,,,,,,
健身,健身技巧,574009891335829599,593471218995297287,595814313539796033,635589968741399597,587788370799884312,583484853608118310,584743027736706120,587010953869129770,584954155074975786,582699633845860357,593621131464932445,604420317215062106,635655985777735749,584206934297671705,584799666930056201,603053770223516722,585022033048501283,603040589967129645,603040800579910755,614077360096017503,587837194352327724,584206072686966865,580598491720580154,630586007722523658,630599295168543820,629916266997610589,627744239138240556,605924503370987542,635590770163841065,628280481911273555,579229895291435091,628280261945194550,553843751062206531,584818476043073625,614139351665867852,614046416744086572,645677422508898325,558063541045820430,635073514375871520,604417870794979333,635646073043548255,645677178635287572,628353700861179930,610462893399472171,614076943089924170,635090209157019666,606486237915773991,,,,,,,,,,,,,,,,,,,,,,,,,,,,,,,,,,,,,,,,,,,,
健身,健身器材,584964241352685635,574009891335829599,593471218995297287,630595246314616903,555112986677737522,614131182805842993,,,,,,,,,,,,,,,,,,,,,,,,,,,,,,,,,,,,,,,,,,,,,,,,,,,,,,,,,,,,,,,,,,,,,,,,,,,,,,,,,,,,,
健身,健身食谱,627785589086878815,,,,,,,,,,,,,,,,,,,,,,,,,,,,,,,,,,,,,,,,,,,,,,,,,,,,,,,,,,,,,,,,,,,,,,,,,,,,,,,,,,,,,,,,,,
健身,普拉提,634358599193328739,,,,,,,,,,,,,,,,,,,,,,,,,,,,,,,,,,,,,,,,,,,,,,,,,,,,,,,,,,,,,,,,,,,,,,,,,,,,,,,,,,,,,,,,,,
健身,瘦手臂,,,,,,,,,,,,,,,,,,,,,,,,,,,,,,,,,,,,,,,,,,,,,,,,,,,,,,,,,,,,,,,,,,,,,,,,,,,,,,,,,,,,,,,,,,,
健身,太极拳,,,,,,,,,,,,,,,,,,,,,,,,,,,,,,,,,,,,,,,,,,,,,,,,,,,,,,,,,,,,,,,,,,,,,,,,,,,,,,,,,,,,,,,,,,,
健身,瑜伽,584233306713881600,603040369506121789,603054550464724015,555158025508355105,614063586748266579,614084068113512517,,,,,,,,,,,,,,,,,,,,,,,,,,,,,,,,,,,,,,,,,,,,,,,,,,,,,,,,,,,,,,,,,,,,,,,,,,,,,,,,,,,,,
军事,纪实,635579258946845766,625423230338989061,,,,,,,,,,,,,,,,,,,,,,,,,,,,,,,,,,,,,,,,,,,,,,,,,,,,,,,,,,,,,,,,,,,,,,,,,,,,,,,,,,,,,,,,,
军事,军情,624111833344768055,,,,,,,,,,,,,,,,,,,,,,,,,,,,,,,,,,,,,,,,,,,,,,,,,,,,,,,,,,,,,,,,,,,,,,,,,,,,,,,,,,,,,,,,,,
军事,军事解说,628501112460277821,,,,,,,,,,,,,,,,,,,,,,,,,,,,,,,,,,,,,,,,,,,,,,,,,,,,,,,,,,,,,,,,,,,,,,,,,,,,,,,,,,,,,,,,,,
军事,武器,582868812674758743,586915392784562197,635046160341531742,,,,,,,,,,,,,,,,,,,,,,,,,,,,,,,,,,,,,,,,,,,,,,,,,,,,,,,,,,,,,,,,,,,,,,,,,,,,,,,,,,,,,,,,
科技科普,地理,626112272286218256,,,,,,,,,,,,,,,,,,,,,,,,,,,,,,,,,,,,,,,,,,,,,,,,,,,,,,,,,,,,,,,,,,,,,,,,,,,,,,,,,,,,,,,,,,
科技科普,动物,582786817345058887,562498087128530008,614633849135167539,625765716148223043,630501372875373585,629974532523948095,588469505561328730,629930437092965457,589340670681020471,629930934294150150,,,,,,,,,,,,,,,,,,,,,,,,,,,,,,,,,,,,,,,,,,,,,,,,,,,,,,,,,,,,,,,,,,,,,,,,,,,,,,,,,
科技科普,科普,595915030564829279,632801120512769110,611026208148290601,627840743882488836,627862884715723844,629971814883391553,645788576052804618,629921390910371853,629937605108169816,630619235091086413,548669700303878157,555112837041748998,548039586742402050,611026254705063936,580052184572492861,605238694133234779,611026554916568123,605876498748013644,630502659075471430,629982310600669206,,,,,,,,,,,,,,,,,,,,,,,,,,,,,,,,,,,,,,,,,,,,,,,,,,,,,,,,,,,,,,,,,,,,,,,
科技科普,前沿科技,558063518740510788,617564165357304842,629919461866076208,627616288195345479,,,,,,,,,,,,,,,,,,,,,,,,,,,,,,,,,,,,,,,,,,,,,,,,,,,,,,,,,,,,,,,,,,,,,,,,,,,,,,,,,,,,,,,
科技科普,天文,627861451211668566,629930842992540761,626107265067382855,611026317300856917,603755403018369061,,,,,,,,,,,,,,,,,,,,,,,,,,,,,,,,,,,,,,,,,,,,,,,,,,,,,,,,,,,,,,,,,,,,,,,,,,,,,,,,,,,,,,
科技科普,植物,,,,,,,,,,,,,,,,,,,,,,,,,,,,,,,,,,,,,,,,,,,,,,,,,,,,,,,,,,,,,,,,,,,,,,,,,,,,,,,,,,,,,,,,,,,
历史,博物馆,,,,,,,,,,,,,,,,,,,,,,,,,,,,,,,,,,,,,,,,,,,,,,,,,,,,,,,,,,,,,,,,,,,,,,,,,,,,,,,,,,,,,,,,,,,
历史,考古,,,,,,,,,,,,,,,,,,,,,,,,,,,,,,,,,,,,,,,,,,,,,,,,,,,,,,,,,,,,,,,,,,,,,,,,,,,,,,,,,,,,,,,,,,,
历史,历史故事,603008042696571955,,,,,,,,,,,,,,,,,,,,,,,,,,,,,,,,,,,,,,,,,,,,,,,,,,,,,,,,,,,,,,,,,,,,,,,,,,,,,,,,,,,,,,,,,,
历史,历史纪录片,620656829279632445,,,,,,,,,,,,,,,,,,,,,,,,,,,,,,,,,,,,,,,,,,,,,,,,,,,,,,,,,,,,,,,,,,,,,,,,,,,,,,,,,,,,,,,,,,
历史,历史揭秘,584918721653504061,583517550615329871,,,,,,,,,,,,,,,,,,,,,,,,,,,,,,,,,,,,,,,,,,,,,,,,,,,,,,,,,,,,,,,,,,,,,,,,,,,,,,,,,,,,,,,,,
历史,历史知识,603011938902998090,583517394125846540,576953636024876128,610474781382409277,583517235958643762,603039066369423459,637002669594115108,637014201010878474,,,,,,,,,,,,,,,,,,,,,,,,,,,,,,,,,,,,,,,,,,,,,,,,,,,,,,,,,,,,,,,,,,,,,,,,,,,,,,,,,,,
历史,民俗文化,,,,,,,,,,,,,,,,,,,,,,,,,,,,,,,,,,,,,,,,,,,,,,,,,,,,,,,,,,,,,,,,,,,,,,,,,,,,,,,,,,,,,,,,,,,
历史,战争,603007991651891232,637037969963874321,,,,,,,,,,,,,,,,,,,,,,,,,,,,,,,,,,,,,,,,,,,,,,,,,,,,,,,,,,,,,,,,,,,,,,,,,,,,,,,,,,,,,,,,,
历史,中国古代,614050672796630110,,,,,,,,,,,,,,,,,,,,,,,,,,,,,,,,,,,,,,,,,,,,,,,,,,,,,,,,,,,,,,,,,,,,,,,,,,,,,,,,,,,,,,,,,,
旅行,韩国行,630581649890999366,,,,,,,,,,,,,,,,,,,,,,,,,,,,,,,,,,,,,,,,,,,,,,,,,,,,,,,,,,,,,,,,,,,,,,,,,,,,,,,,,,,,,,,,,,
旅行,航拍,627832441509378113,563406102698523740,,,,,,,,,,,,,,,,,,,,,,,,,,,,,,,,,,,,,,,,,,,,,,,,,,,,,,,,,,,,,,,,,,,,,,,,,,,,,,,,,,,,,,,,,
旅行,旅行VLOG,594395830704798751,645854971717351467,582928628180973667,582861957487524868,582863106265447454,589274923346819095,584926931273775147,584905877805463622,564067164200499272,592162163496451156,584825715629882450,620661216328677393,635108239253567576,585003310933736486,630706493492164693,645675408613833798,582864361603856391,630706653890738243,635109610287660119,635105995435146258,635103778686762048,630706419596916810,558061938360319009,583512324982306848,635093996714196027,635099054952545356,626186419427211269,620656673511569433,608064608567163919,583690731842041882,635121568768456753,645856693814688800,645866229556444184,556614042414872654,626262988409665565,626110154741513265,614270404145576967,645867823861725204,,,,,,,,,,,,,,,,,,,,,,,,,,,,,,,,,,,,,,,,,,,,,,,,,,,,,
旅行,旅游攻略,630706565474810890,630625568456571963,645867169407694942,,,,,,,,,,,,,,,,,,,,,,,,,,,,,,,,,,,,,,,,,,,,,,,,,,,,,,,,,,,,,,,,,,,,,,,,,,,,,,,,,,,,,,,,
旅行,美景,582920870018808926,583477869882243126,583356499391282259,583672696041240602,629948173378517005,587659830322395180,583501810919144503,586393854134058077,584766808643468304,584756935033747480,614062864614947901,624110981859114031,627833868914915385,626186102488824922,624111251947125815,563406043181349980,,,,,,,,,,,,,,,,,,,,,,,,,,,,,,,,,,,,,,,,,,,,,,,,,,,,,,,,,,,,,,,,,,,,,,,,,,,
旅行,民宿,,,,,,,,,,,,,,,,,,,,,,,,,,,,,,,,,,,,,,,,,,,,,,,,,,,,,,,,,,,,,,,,,,,,,,,,,,,,,,,,,,,,,,,,,,,
旅行,穷游,,,,,,,,,,,,,,,,,,,,,,,,,,,,,,,,,,,,,,,,,,,,,,,,,,,,,,,,,,,,,,,,,,,,,,,,,,,,,,,,,,,,,,,,,,,
旅行,日本行,,,,,,,,,,,,,,,,,,,,,,,,,,,,,,,,,,,,,,,,,,,,,,,,,,,,,,,,,,,,,,,,,,,,,,,,,,,,,,,,,,,,,,,,,,,
旅行,瑞士行,,,,,,,,,,,,,,,,,,,,,,,,,,,,,,,,,,,,,,,,,,,,,,,,,,,,,,,,,,,,,,,,,,,,,,,,,,,,,,,,,,,,,,,,,,,
旅行,泰国行,,,,,,,,,,,,,,,,,,,,,,,,,,,,,,,,,,,,,,,,,,,,,,,,,,,,,,,,,,,,,,,,,,,,,,,,,,,,,,,,,,,,,,,,,,,
旅行,台湾行,614046703189882900,614138314531928143,605239923081084002,,,,,,,,,,,,,,,,,,,,,,,,,,,,,,,,,,,,,,,,,,,,,,,,,,,,,,,,,,,,,,,,,,,,,,,,,,,,,,,,,,,,,,,,
旅行,探险,635107069898389507,630590833973917728,,,,,,,,,,,,,,,,,,,,,,,,,,,,,,,,,,,,,,,,,,,,,,,,,,,,,,,,,,,,,,,,,,,,,,,,,,,,,,,,,,,,,,,,,
旅行,新西兰行,,,,,,,,,,,,,,,,,,,,,,,,,,,,,,,,,,,,,,,,,,,,,,,,,,,,,,,,,,,,,,,,,,,,,,,,,,,,,,,,,,,,,,,,,,,
旅行,游艇,625591323304524890,,,,,,,,,,,,,,,,,,,,,,,,,,,,,,,,,,,,,,,,,,,,,,,,,,,,,,,,,,,,,,,,,,,,,,,,,,,,,,,,,,,,,,,,,,
旅行,越南行,,,,,,,,,,,,,,,,,,,,,,,,,,,,,,,,,,,,,,,,,,,,,,,,,,,,,,,,,,,,,,,,,,,,,,,,,,,,,,,,,,,,,,,,,,,
旅行,自驾游,,,,,,,,,,,,,,,,,,,,,,,,,,,,,,,,,,,,,,,,,,,,,,,,,,,,,,,,,,,,,,,,,,,,,,,,,,,,,,,,,,,,,,,,,,,
美食,茶艺,,,,,,,,,,,,,,,,,,,,,,,,,,,,,,,,,,,,,,,,,,,,,,,,,,,,,,,,,,,,,,,,,,,,,,,,,,,,,,,,,,,,,,,,,,,
美食,吃播,,,,,,,,,,,,,,,,,,,,,,,,,,,,,,,,,,,,,,,,,,,,,,,,,,,,,,,,,,,,,,,,,,,,,,,,,,,,,,,,,,,,,,,,,,,
美食,厨具,,,,,,,,,,,,,,,,,,,,,,,,,,,,,,,,,,,,,,,,,,,,,,,,,,,,,,,,,,,,,,,,,,,,,,,,,,,,,,,,,,,,,,,,,,,
美食,川菜,,,,,,,,,,,,,,,,,,,,,,,,,,,,,,,,,,,,,,,,,,,,,,,,,,,,,,,,,,,,,,,,,,,,,,,,,,,,,,,,,,,,,,,,,,,
美食,创意料理,630638095777266746,582721902143994905,614148145745623111,614122034458393616,587159264727006247,548666243652122682,630625264042375213,602260677148670996,614142899308854318,602285604450990096,603752136519580690,614256013211727942,593442559383174176,614230498841066556,587865362610125868,630625264042375213,605243254373480533,594928014180087852,602260858753644571,614362148983929914,548666172499950654,602256396576226380,614097188517182500,580047920819206214,558844319140805657,614180188005202956,614307777046772755,614308149115091999,614128243211106320,614397280088357920,586264430889793576,584819428871502917,614047880858172495,614217886904481793,614054453131213864,629918377705601106,605948278070180869,,,,,,,,,,,,,,,,,,,,,,,,,,,,,,,,,,,,,,,,,,,,,,,,,,,,,,
美食,咖啡,629944591795222578,,,,,,,,,,,,,,,,,,,,,,,,,,,,,,,,,,,,,,,,,,,,,,,,,,,,,,,,,,,,,,,,,,,,,,,,,,,,,,,,,,,,,,,,,,
美食,港式料理,614071828043922475,,,,,,,,,,,,,,,,,,,,,,,,,,,,,,,,,,,,,,,,,,,,,,,,,,,,,,,,,,,,,,,,,,,,,,,,,,,,,,,,,,,,,,,,,,
美食,烘焙,597220061394107454,629944194141649922,558863257916537938,603753595776662532,612503381082241103,614310345722428480,614039848489188381,,,,,,,,,,,,,,,,,,,,,,,,,,,,,,,,,,,,,,,,,,,,,,,,,,,,,,,,,,,,,,,,,,,,,,,,,,,,,,,,,,,,
美食,健康饮食,590017863241300047,,,,,,,,,,,,,,,,,,,,,,,,,,,,,,,,,,,,,,,,,,,,,,,,,,,,,,,,,,,,,,,,,,,,,,,,,,,,,,,,,,,,,,,,,,
美食,零食,,,,,,,,,,,,,,,,,,,,,,,,,,,,,,,,,,,,,,,,,,,,,,,,,,,,,,,,,,,,,,,,,,,,,,,,,,,,,,,,,,,,,,,,,,,
美食,美酒,,,,,,,,,,,,,,,,,,,,,,,,,,,,,,,,,,,,,,,,,,,,,,,,,,,,,,,,,,,,,,,,,,,,,,,,,,,,,,,,,,,,,,,,,,,
美食,美食测评,582823571972290585,555212357943556175,588406068802092125,582823571972290585,553955636872870927,629918059710248986,,,,,,,,,,,,,,,,,,,,,,,,,,,,,,,,,,,,,,,,,,,,,,,,,,,,,,,,,,,,,,,,,,,,,,,,,,,,,,,,,,,,,
美食,美食纪录片,548034425005406279,606708956372532294,567604491740904480,548666646556964887,614281063952414810,,,,,,,,,,,,,,,,,,,,,,,,,,,,,,,,,,,,,,,,,,,,,,,,,,,,,,,,,,,,,,,,,,,,,,,,,,,,,,,,,,,,,,
美食,美食教程,592720115827603473,620657087204162658,587094040103745551,588486268139206722,614128243211106320,614205433781025807,614058311966390357,614172885084404772,620657087204162658,,589298543628516389,584012761208584234,596662292303706122,614065928117812293,596725312853768285,614202431590497282,614202431590497282,588486275026253916,629963650788097083,587826570801052744,587105595000223837,614072042616126474,590053051262433343,580023879295170647,582788516625381450,583475228317973558,582784919338612828,630708579462150207,630708832345126944,595093884181281871,588536943057435704,592717588700724284,548039396354553865,603753354813896735,629933975114217539,629947162593197072,554612942593719379,603753521688475734,592065302446079026,626263211211095060,614258518779885661,583692475028339792,629944194141649922,587093898210441224,614362148983929914,593442559383174176,560297661859757115,587093898210441224,614040644039605269,555157955723525138,607387545082394689,629968759676861493,614054539550653445,605247139741826101,567604990972131387,614097188517182500,614094497820834898,579144794817820687,582673896514386972,592166769018403868,584819428418517066,614512808115173378,614172885084404772,614273380834736175,579145171684424763,614050434149121061,614060797351557140,614044664925912119,614309997452590122,612409893921618952,603756437677668431,614128889964395595,614044018491390025,614253078633379915,614104731327003690,,,,,,,,,,,,,,,,
美食,美食猎奇,582824235913836555,614148145745623111,629074370192603228,582825852667033611,580047921297357856,582825012120123446,614086609693965338,584945312894942258,614378474037180429,582900933627869242,567691230987811898,548658817385232443,583692671472761922,602282790534379613,583692671472761922,587160296760671308,,,,,,,,,,,,,,,,,,,,,,,,,,,,,,,,,,,,,,,,,,,,,,,,,,,,,,,,,,,,,,,,,,,,,,,,,,,
美食,米其林,,,,,,,,,,,,,,,,,,,,,,,,,,,,,,,,,,,,,,,,,,,,,,,,,,,,,,,,,,,,,,,,,,,,,,,,,,,,,,,,,,,,,,,,,,,
美食,日本料理,614087401519839243,614205433781025807,,,,,,,,,,,,,,,,,,,,,,,,,,,,,,,,,,,,,,,,,,,,,,,,,,,,,,,,,,,,,,,,,,,,,,,,,,,,,,,,,,,,,,,,,
美食,探店,626335530348574733,614128007482832922,582867277744044061,612486140454370392,614309312220756995,,,,,,,,,,,,,,,,,,,,,,,,,,,,,,,,,,,,,,,,,,,,,,,,,,,,,,,,,,,,,,,,,,,,,,,,,,,,,,,,,,,,,,
美食,甜品,588486272551614558,584776495455665223,587823178984847366,614062365098507346,614072042616126474,590053051262433343,582699467524929592,629978751020693520,630583977545169937,614191030062938199,612486140454370392,620656966919912448,629980677934283790,627855807716915273,584939589691636753,614058882148465684,612486140454370392,614142899308854318,614142059139431488,614235417383926827,614079630892203009,614064294318963717,614156655225076758,607972193890073622,628520817317248071,603753766048626749,614139197885906008,614217886904481793,614553381555533887,612465218913695835,,,,,,,,,,,,,,,,,,,,,,,,,,,,,,,,,,,,,,,,,,,,,,,,,,,,,,,,,,,,,
美食,乡村美食,587160672360593431,605238911213631548,605238579729398801,555155845015534667,579145174293281834,617565527423973377,592069360703633446,567605781405497428,614149560685688884,,,,,,,,,,,,,,,,,,,,,,,,,,,,,,,,,,,,,,,,,,,,,,,,,,,,,,,,,,,,,,,,,,,,,,,,,,,,,,,,,,
美食,小吃,629078626454862944,614145047975296004,612493589328559172,584055111649720414,614230498841066556,603765592887000081,,,,,,,,,,,,,,,,,,,,,,,,,,,,,,,,,,,,,,,,,,,,,,,,,,,,,,,,,,,,,,,,,,,,,,,,,,,,,,,,,,,,,
美食,野食,626297712767268917,630509729749268516,,,,,,,,,,,,,,,,,,,,,,,,,,,,,,,,,,,,,,,,,,,,,,,,,,,,,,,,,,,,,,,,,,,,,,,,,,,,,,,,,,,,,,,,,
美食,饮品,626354020090510430,612398782304353342,,,,,,,,,,,,,,,,,,,,,,,,,,,,,,,,,,,,,,,,,,,,,,,,,,,,,,,,,,,,,,,,,,,,,,,,,,,,,,,,,,,,,,,,,
萌宠,仓鼠,629981642162830398,614185572342298625,629981477267962883,583504298871224365,629984174356428811,614093760101481555,,,,,,,,,,,,,,,,,,,,,,,,,,,,,,,,,,,,,,,,,,,,,,,,,,,,,,,,,,,,,,,,,,,,,,,,,,,,,,,,,,,,,
萌宠,宠物用品,,,,,,,,,,,,,,,,,,,,,,,,,,,,,,,,,,,,,,,,,,,,,,,,,,,,,,,,,,,,,,,,,,,,,,,,,,,,,,,,,,,,,,,,,,,
萌宠,狗狗,588377442828285991,585021995031328830,584023284482439195,583306655314343949,630039316904672275,630616994854598710,629951294620170313,614328721136024668,614074048793671754,584227468427263056,558007866919876630,614039250305940565,629959223062689861,630661619850017797,583497925139758096,604420196704320532,627102085374147641,558007860787804162,614323802240841777,625757443386898469,628505262547925000,614048859691284564,625586030269037654,614114093751729216,614214403199465542,630638963243220067,,,,,,,,,,,,,,,,,,,,,,,,,,,,,,,,,,,,,,,,,,,,,,,,,,,,,,,,,,,,,,,,,
萌宠,观赏鱼,,,,,,,,,,,,,,,,,,,,,,,,,,,,,,,,,,,,,,,,,,,,,,,,,,,,,,,,,,,,,,,,,,,,,,,,,,,,,,,,,,,,,,,,,,,
萌宠,猫咪,614096971646499842,614053554837125148,584215140856101921,614089158975158356,630567437835828320,605236417456633916,625757685733783559,614557296552441922,607979522807166996,630504684613925920,630578720958184520,582672877508230224,589104388918868014,584225594017970221,614071549424696419,548657910970972172,583289255554579485,605242381589150765,558007857960844327,630654262436822069,614072138774738995,614215164918627395,614100849817417811,582567171199204389,630664643288889379,606038167289723906,614356119294442542,614622020770068514,,,,,,,,,,,,,,,,,,,,,,,,,,,,,,,,,,,,,,,,,,,,,,,,,,,,,,,,,,,,,,,
萌宠,鸟类,614230634484857929,614052596581267526,614063854059649113,,,,,,,,,,,,,,,,,,,,,,,,,,,,,,,,,,,,,,,,,,,,,,,,,,,,,,,,,,,,,,,,,,,,,,,,,,,,,,,,,,,,,,,,
萌宠,爬行动物,629229250337176664,,,,,,,,,,,,,,,,,,,,,,,,,,,,,,,,,,,,,,,,,,,,,,,,,,,,,,,,,,,,,,,,,,,,,,,,,,,,,,,,,,,,,,,,,,
母婴,备孕,,,,,,,,,,,,,,,,,,,,,,,,,,,,,,,,,,,,,,,,,,,,,,,,,,,,,,,,,,,,,,,,,,,,,,,,,,,,,,,,,,,,,,,,,,,
母婴,产后护理,,,,,,,,,,,,,,,,,,,,,,,,,,,,,,,,,,,,,,,,,,,,,,,,,,,,,,,,,,,,,,,,,,,,,,,,,,,,,,,,,,,,,,,,,,,
母婴,怀孕,,,,,,,,,,,,,,,,,,,,,,,,,,,,,,,,,,,,,,,,,,,,,,,,,,,,,,,,,,,,,,,,,,,,,,,,,,,,,,,,,,,,,,,,,,,
母婴,萌娃,614046930269501517,629972397094729818,629942423574936621,614090167931762743,629946877497965664,627100732962765908,614200085120677958,,,,,,,,,,,,,,,,,,,,,,,,,,,,,,,,,,,,,,,,,,,,,,,,,,,,,,,,,,,,,,,,,,,,,,,,,,,,,,,,,,,,
母婴,母婴用品,,,,,,,,,,,,,,,,,,,,,,,,,,,,,,,,,,,,,,,,,,,,,,,,,,,,,,,,,,,,,,,,,,,,,,,,,,,,,,,,,,,,,,,,,,,
母婴,胎教,,,,,,,,,,,,,,,,,,,,,,,,,,,,,,,,,,,,,,,,,,,,,,,,,,,,,,,,,,,,,,,,,,,,,,,,,,,,,,,,,,,,,,,,,,,
母婴,育儿,,,,,,,,,,,,,,,,,,,,,,,,,,,,,,,,,,,,,,,,,,,,,,,,,,,,,,,,,,,,,,,,,,,,,,,,,,,,,,,,,,,,,,,,,,,
母婴,孕期,614244291340008459,,,,,,,,,,,,,,,,,,,,,,,,,,,,,,,,,,,,,,,,,,,,,,,,,,,,,,,,,,,,,,,,,,,,,,,,,,,,,,,,,,,,,,,,,,
汽车,二手车,,,,,,,,,,,,,,,,,,,,,,,,,,,,,,,,,,,,,,,,,,,,,,,,,,,,,,,,,,,,,,,,,,,,,,,,,,,,,,,,,,,,,,,,,,,
汽车,豪车,586937063931247681,583293329800820775,583286281834985536,602257535816301585,591991383592663136,592714378883758084,583504066750052412,628438867873232903,602288158832458769,583298018655206437,592723970611083267,602257530892188753,629968714588092492,628439138221292632,602257286968245285,602257692557442092,628454017867054112,629984389381617679,630677266331990059,628441284043996230,629941770890901518,583479340455557186,627847884425002073,592722306244147249,628432350201641986,602288804210015301,628433431501601802,583289931357617226,628439091773569076,630624880968202296,629983918042512447,602257746571688009,559747583386450959,629872390576404516,629971850274928719,620656868211162128,602257793120073757,628437747339753549,627231160482789441,627845431688297479,602288113433312346,608888870446169130,,,,,,,,,,,,,,,,,,,,,,,,,,,,,,,,,,,,,,,,,,,,,,,,,
汽车,摩托车,629971098471102464,628434501804095535,630598547298974724,629979145822140462,630665439443287073,628439699486275651,629975819453855760,629977251691231306,629954056770680925,629940029348772890,630627513212730377,630667270366033937,,,,,,,,,,,,,,,,,,,,,,,,,,,,,,,,,,,,,,,,,,,,,,,,,,,,,,,,,,,,,,,,,,,,,,,,,,,,,,,
汽车,汽车改装,588553343666878549,629964870776912936,602257589167847449,588552771303767053,628434209427553292,628437405654972451,628432914864012355,628441967203842116,602257645732231211,629927659213813856,629983918042512447,628437983378406423,,,,,,,,,,,,,,,,,,,,,,,,,,,,,,,,,,,,,,,,,,,,,,,,,,,,,,,,,,,,,,,,,,,,,,,,,,,,,,,
汽车,汽车评测,593458431250266164,582792717657045033,629918675031424078,587152546810952714,629954453006579793,583362382120746022,602258015292356670,579184389232131162,628430085789187138,630677266331990059,627840925755898925,602257290306910248,617563999506136153,557519160836488280,553955457809644600,580032942053653537,627186847367428141,629970228312407063,629983322468120663,614044000153893966,614035050473846785,554524484386814048,556661447705360388,539430806328834135,560263506568542239,604427506193398881,608914282417092703,628279306600184865,608904705470495802,608905751009818698,553955674764212310,,,,,,,,,,,,,,,,,,,,,,,,,,,,,,,,,,,,,,,,,,,,,,,,,,,,,,,,,,,,
汽车,汽车展,,,,,,,,,,,,,,,,,,,,,,,,,,,,,,,,,,,,,,,,,,,,,,,,,,,,,,,,,,,,,,,,,,,,,,,,,,,,,,,,,,,,,,,,,,,
汽车,汽车知识,587729477361072160,587152547716922382,628441284043996230,,,,,,,,,,,,,,,,,,,,,,,,,,,,,,,,,,,,,,,,,,,,,,,,,,,,,,,,,,,,,,,,,,,,,,,,,,,,,,,,,,,,,,,,
汽车,汽车资讯,582792717657045033,579182499597515850,630497207998609430,629979145822140462,626336427174657103,553955696968858651,602288764942941187,580052183649746006,,,,,,,,,,,,,,,,,,,,,,,,,,,,,,,,,,,,,,,,,,,,,,,,,,,,,,,,,,,,,,,,,,,,,,,,,,,,,,,,,,,
汽车,试驾,583536951594973223,629971850274928719,554524484386814048,,,,,,,,,,,,,,,,,,,,,,,,,,,,,,,,,,,,,,,,,,,,,,,,,,,,,,,,,,,,,,,,,,,,,,,,,,,,,,,,,,,,,,,,
汽车,新能源汽车,,,,,,,,,,,,,,,,,,,,,,,,,,,,,,,,,,,,,,,,,,,,,,,,,,,,,,,,,,,,,,,,,,,,,,,,,,,,,,,,,,,,,,,,,,,
汽车,修车保养,,,,,,,,,,,,,,,,,,,,,,,,,,,,,,,,,,,,,,,,,,,,,,,,,,,,,,,,,,,,,,,,,,,,,,,,,,,,,,,,,,,,,,,,,,,
汽车,自行车,629968884549679132,,,,,,,,,,,,,,,,,,,,,,,,,,,,,,,,,,,,,,,,,,,,,,,,,,,,,,,,,,,,,,,,,,,,,,,,,,,,,,,,,,,,,,,,,,
情感,单身主义,,,,,,,,,,,,,,,,,,,,,,,,,,,,,,,,,,,,,,,,,,,,,,,,,,,,,,,,,,,,,,,,,,,,,,,,,,,,,,,,,,,,,,,,,,,
情感,励志鸡汤,614221942318300188,594888160473906269,,,,,,,,,,,,,,,,,,,,,,,,,,,,,,,,,,,,,,,,,,,,,,,,,,,,,,,,,,,,,,,,,,,,,,,,,,,,,,,,,,,,,,,,,
情感,两性关系,655145896998206528,605751249196939336,605238857652370523,555148928574684219,604495555118364729,580052208706517040,557564741420186681,614049667824614493,580023893077653587,580051902975309867,558061997760052279,614087741518510084,604500773000312855,605750949975291988,614073135760799841,614042001853249557,614098561472265280,557580136243919881,,,,,,,,,,,,,,,,,,,,,,,,,,,,,,,,,,,,,,,,,,,,,,,,,,,,,,,,,,,,,,,,,,,,,,,,,
情感,情感调解,,,,,,,,,,,,,,,,,,,,,,,,,,,,,,,,,,,,,,,,,,,,,,,,,,,,,,,,,,,,,,,,,,,,,,,,,,,,,,,,,,,,,,,,,,,
情感,相亲节目,,,,,,,,,,,,,,,,,,,,,,,,,,,,,,,,,,,,,,,,,,,,,,,,,,,,,,,,,,,,,,,,,,,,,,,,,,,,,,,,,,,,,,,,,,,
情感,医疗纪实,,,,,,,,,,,,,,,,,,,,,,,,,,,,,,,,,,,,,,,,,,,,,,,,,,,,,,,,,,,,,,,,,,,,,,,,,,,,,,,,,,,,,,,,,,,
少儿,儿歌,587164254472370246,588470444087179299,607396992332725280,584742224552654929,584937436025584684,588470444523386920,606655925262088238,614104004177296428,614209154673933331,587150983644182563,614219370320755747,614564019661044757,,,,,,,,,,,,,,,,,,,,,,,,,,,,,,,,,,,,,,,,,,,,,,,,,,,,,,,,,,,,,,,,,,,,,,,,,,,,,,,
少儿,儿童动画,554427886134754351,587761312833076302,630586662646315090,614558790253149271,614312400872667188,629926911998556175,614624565227813953,629889942765567073,614304708200365068,606708311951277083,607973000765111358,629890824894806104,614061971270138882,629891112548563993,614584023546723330,614219978184457253,,,,,,,,,,,,,,,,,,,,,,,,,,,,,,,,,,,,,,,,,,,,,,,,,,,,,,,,,,,,,,,,,,,,,,,,,,,
少儿,儿童节目,630576426984275008,584024886480074769,629981821871979600,587150982956317767,629962190138505225,554559852561693766,614048926162614335,,,,,,,,,,,,,,,,,,,,,,,,,,,,,,,,,,,,,,,,,,,,,,,,,,,,,,,,,,,,,,,,,,,,,,,,,,,,,,,,,,,,
少儿,儿童玩具,583306613782345757,606656066056485937,583313425332041804,583308714474339397,629977093557582867,614170964713929809,630585141959457817,629890300195764277,589340118467345439,614086151315257396,,,,,,,,,,,,,,,,,,,,,,,,,,,,,,,,,,,,,,,,,,,,,,,,,,,,,,,,,,,,,,,,,,,,,,,,,,,,,,,,,
少儿,儿童游戏,,,,,,,,,,,,,,,,,,,,,,,,,,,,,,,,,,,,,,,,,,,,,,,,,,,,,,,,,,,,,,,,,,,,,,,,,,,,,,,,,,,,,,,,,,,
少儿,童话故事,,,,,,,,,,,,,,,,,,,,,,,,,,,,,,,,,,,,,,,,,,,,,,,,,,,,,,,,,,,,,,,,,,,,,,,,,,,,,,,,,,,,,,,,,,,
少儿,早教,614395213311507501,614223118434696231,,,,,,,,,,,,,,,,,,,,,,,,,,,,,,,,,,,,,,,,,,,,,,,,,,,,,,,,,,,,,,,,,,,,,,,,,,,,,,,,,,,,,,,,,
社会,交通事故,,,,,,,,,,,,,,,,,,,,,,,,,,,,,,,,,,,,,,,,,,,,,,,,,,,,,,,,,,,,,,,,,,,,,,,,,,,,,,,,,,,,,,,,,,,
社会,奇闻怪事,548659021907885125,586262395956099140,557564734608636995,558063995892923464,548039470224636954,558061355586943054,555156860548806731,614072806273054817,,,,,,,,,,,,,,,,,,,,,,,,,,,,,,,,,,,,,,,,,,,,,,,,,,,,,,,,,,,,,,,,,,,,,,,,,,,,,,,,,,,
社会,人物,620657202144868444,588610556406135823,567604740823840829,614130467903502337,614106284880427100,557580514419144780,558048461902183465,617526807463327790,582699631086009436,605240537320126488,603730285890238491,558063453091265609,,,,,,,,,,,,,,,,,,,,,,,,,,,,,,,,,,,,,,,,,,,,,,,,,,,,,,,,,,,,,,,,,,,,,,,,,,,,,,,
社会,社会热点,614282107050654746,585835970161671249,618926449149212771,634872001405777960,614576252331882534,583691065020774427,634958694926384133,,,,,,,,,,,,,,,,,,,,,,,,,,,,,,,,,,,,,,,,,,,,,,,,,,,,,,,,,,,,,,,,,,,,,,,,,,,,,,,,,,,,
社会,社会实验,635644929953102897,557581229522810884,,,,,,,,,,,,,,,,,,,,,,,,,,,,,,,,,,,,,,,,,,,,,,,,,,,,,,,,,,,,,,,,,,,,,,,,,,,,,,,,,,,,,,,,,
社会,时评,614282107050654746,585835970161671249,618926449149212771,634872001405777960,614576252331882534,634958694926384133,,,,,,,,,,,,,,,,,,,,,,,,,,,,,,,,,,,,,,,,,,,,,,,,,,,,,,,,,,,,,,,,,,,,,,,,,,,,,,,,,,,,,
社会,灾害,627845330639124505,,,,,,,,,,,,,,,,,,,,,,,,,,,,,,,,,,,,,,,,,,,,,,,,,,,,,,,,,,,,,,,,,,,,,,,,,,,,,,,,,,,,,,,,,,
社会,真实案件,548659021907885125,586262395956099140,635654919292058675,548041548242221136,548659731424738345,548039470224636954,614052594903546977,614110556779052077,557994889390980178,558063329283799060,557581239647860811,614072806273054817,558063343586375716,614052154124138520,559762250573936662,,,,,,,,,,,,,,,,,,,,,,,,,,,,,,,,,,,,,,,,,,,,,,,,,,,,,,,,,,,,,,,,,,,,,,,,,,,,
社会,正能量,,,,,,,,,,,,,,,,,,,,,,,,,,,,,,,,,,,,,,,,,,,,,,,,,,,,,,,,,,,,,,,,,,,,,,,,,,,,,,,,,,,,,,,,,,,
生活,钓鱼,614096369520605213,629212542050367572,628535553920465926,630500388044405808,627839460685511732,,,,,,,,,,,,,,,,,,,,,,,,,,,,,,,,,,,,,,,,,,,,,,,,,,,,,,,,,,,,,,,,,,,,,,,,,,,,,,,,,,,,,,
生活,赶海,,,,,,,,,,,,,,,,,,,,,,,,,,,,,,,,,,,,,,,,,,,,,,,,,,,,,,,,,,,,,,,,,,,,,,,,,,,,,,,,,,,,,,,,,,,
生活,购物,,,,,,,,,,,,,,,,,,,,,,,,,,,,,,,,,,,,,,,,,,,,,,,,,,,,,,,,,,,,,,,,,,,,,,,,,,,,,,,,,,,,,,,,,,,
生活,海外生活,588472525552482373,587762277590104132,588482049885731867,588381458480101427,614086349949106206,561671477705964604,629982152668347447,629973578789550160,629212542050367572,614053374834374678,614359259930557516,588503407483026475,635659448754502748,629936610982624323,614080817293031467,630708918672291865,633547077420447838,629964952540674075,628428828999547911,617565813131573333,634995965679499270,614221789586914336,630707497264609377,612481234469256227,555165019845819448,614126758410713150,614172571635678242,548057105687508992,629932396730514443,614609309923408943,606645604908661832,634867987700120600,605239179691030616,,,,,,,,,,,,,,,,,,,,,,,,,,,,,,,,,,,,,,,,,,,,,,,,,,,,,,,,,,
生活,豪宅,629891510730618906,617563942430046225,,,,,,,,,,,,,,,,,,,,,,,,,,,,,,,,,,,,,,,,,,,,,,,,,,,,,,,,,,,,,,,,,,,,,,,,,,,,,,,,,,,,,,,,,
生活,婚礼,630625712463805478,,,,,,,,,,,,,,,,,,,,,,,,,,,,,,,,,,,,,,,,,,,,,,,,,,,,,,,,,,,,,,,,,,,,,,,,,,,,,,,,,,,,,,,,,,
生活,基建,629980298039392308,,,,,,,,,,,,,,,,,,,,,,,,,,,,,,,,,,,,,,,,,,,,,,,,,,,,,,,,,,,,,,,,,,,,,,,,,,,,,,,,,,,,,,,,,,
生活,家居,630708918672291865,630600258239461450,,,,,,,,,,,,,,,,,,,,,,,,,,,,,,,,,,,,,,,,,,,,,,,,,,,,,,,,,,,,,,,,,,,,,,,,,,,,,,,,,,,,,,,,,
生活,农家生活,,,,,,,,,,,,,,,,,,,,,,,,,,,,,,,,,,,,,,,,,,,,,,,,,,,,,,,,,,,,,,,,,,,,,,,,,,,,,,,,,,,,,,,,,,,
生活,三农,,,,,,,,,,,,,,,,,,,,,,,,,,,,,,,,,,,,,,,,,,,,,,,,,,,,,,,,,,,,,,,,,,,,,,,,,,,,,,,,,,,,,,,,,,,
生活,摄影,629982797911686189,627831589226806286,629856607024576607,629975206515046468,630503881698310223,,,,,,,,,,,,,,,,,,,,,,,,,,,,,,,,,,,,,,,,,,,,,,,,,,,,,,,,,,,,,,,,,,,,,,,,,,,,,,,,,,,,,,
生活,生活技巧,587152726444604433,587137364747484225,630613745023974452,582707017213410352,624111712624310345,630009772999047193,584938857189996643,,,,,,,,,,,,,,,,,,,,,,,,,,,,,,,,,,,,,,,,,,,,,,,,,,,,,,,,,,,,,,,,,,,,,,,,,,,,,,,,,,,,
生活,生活vlog,630039492016863324,629921855286933570,614072224992852049,614060472217500693,629930209602304068,588482051420847202,563283689654582343,614083312031496250,634955676973661250,587137365217246228,614042259492567055,580052321306802236,625586946892233747,614315510655481943,594401743230598239,614080817293031467,586264416671103040,584819587718184029,559747309372570653,579182379690753091,614039225668597782,629960103807810630,555113855435537432,634995965679499270,,,,,,,,,,,,,,,,,,,,,,,,,,,,,,,,,,,,,,,,,,,,,,,,,,,,,,,,,,,,,,,,,,,
生活,手工,588486850879027256,629984969722296334,588503161680033803,,,,,,,,,,,,,,,,,,,,,,,,,,,,,,,,,,,,,,,,,,,,,,,,,,,,,,,,,,,,,,,,,,,,,,,,,,,,,,,,,,,,,,,,
生活,手帐,629983956168734816,,,,,,,,,,,,,,,,,,,,,,,,,,,,,,,,,,,,,,,,,,,,,,,,,,,,,,,,,,,,,,,,,,,,,,,,,,,,,,,,,,,,,,,,,,
生活,娃娃机教学,,,,,,,,,,,,,,,,,,,,,,,,,,,,,,,,,,,,,,,,,,,,,,,,,,,,,,,,,,,,,,,,,,,,,,,,,,,,,,,,,,,,,,,,,,,
生活,纹身,,,,,,,,,,,,,,,,,,,,,,,,,,,,,,,,,,,,,,,,,,,,,,,,,,,,,,,,,,,,,,,,,,,,,,,,,,,,,,,,,,,,,,,,,,,
生活,野外生存,587885852120709122,629238499121428506,593668812237306957,587137366995631112,629980761224772629,630637353519676430,,,,,,,,,,,,,,,,,,,,,,,,,,,,,,,,,,,,,,,,,,,,,,,,,,,,,,,,,,,,,,,,,,,,,,,,,,,,,,,,,,,,,
生活,园艺,,,,,,,,,,,,,,,,,,,,,,,,,,,,,,,,,,,,,,,,,,,,,,,,,,,,,,,,,,,,,,,,,,,,,,,,,,,,,,,,,,,,,,,,,,,
生活,脏辫,,,,,,,,,,,,,,,,,,,,,,,,,,,,,,,,,,,,,,,,,,,,,,,,,,,,,,,,,,,,,,,,,,,,,,,,,,,,,,,,,,,,,,,,,,,
生活,装修,,,,,,,,,,,,,,,,,,,,,,,,,,,,,,,,,,,,,,,,,,,,,,,,,,,,,,,,,,,,,,,,,,,,,,,,,,,,,,,,,,,,,,,,,,,
时尚,宝石,,,,,,,,,,,,,,,,,,,,,,,,,,,,,,,,,,,,,,,,,,,,,,,,,,,,,,,,,,,,,,,,,,,,,,,,,,,,,,,,,,,,,,,,,,,
时尚,潮牌,,,,,,,,,,,,,,,,,,,,,,,,,,,,,,,,,,,,,,,,,,,,,,,,,,,,,,,,,,,,,,,,,,,,,,,,,,,,,,,,,,,,,,,,,,,
时尚,穿搭,589274341965954104,599457907521748009,589827046182615136,593635980509051970,602179021389823073,600331169583724634,629925180447258657,630706264407669768,629868167474314310,600330667240324167,629928223557417049,602280110541895687,629934289083037769,602280661312732227,610994189209041946,629965627932671071,634201095368996942,630710086609795130,592925826381642780,630706954202904593,602281133331315765,630706727559494659,629982905780795425,602281337828800611,630625491180714046,627858560950335523,635028416808220749,602282650260076546,645673635782196253,612390894462696505,613112340562443299,614113713605179446,548029999008054363,602281536814971991,602286210729245700,602281743367665726,602287142636484678,553955617688123423,610995142750501917,634192779305678865,602281816407276614,634209898718166057,560263525753289773,645681272821250118,580023896651201552,602282000537222212,606001618476988452,614599996152609835,559746427553709069,564823858501253216,602281941783411717,628279718967375920,602293019628141601,602286634446224452,585782140111812618,645671458888088602,634267896496913450,645673167605594169,634191000216140807,,,,,,,,,,,,,,,,,,,,,,,,,,,,,,,,
时尚,国潮,,,,,,,,,,,,,,,,,,,,,,,,,,,,,,,,,,,,,,,,,,,,,,,,,,,,,,,,,,,,,,,,,,,,,,,,,,,,,,,,,,,,,,,,,,,
时尚,护肤,600330667240324167,557581252985748486,,,,,,,,,,,,,,,,,,,,,,,,,,,,,,,,,,,,,,,,,,,,,,,,,,,,,,,,,,,,,,,,,,,,,,,,,,,,,,,,,,,,,,,,,
时尚,街拍,,,,,,,,,,,,,,,,,,,,,,,,,,,,,,,,,,,,,,,,,,,,,,,,,,,,,,,,,,,,,,,,,,,,,,,,,,,,,,,,,,,,,,,,,,,
时尚,美发,630632138296916033,630561164583107596,592159175004519436,589285286951909427,589830912584316942,630707643419326519,630622722889742417,592908178092588120,630009192364768261,600319729988664362,614140650683759703,614338702723905551,555135881135127570,607368512522026067,,,,,,,,,,,,,,,,,,,,,,,,,,,,,,,,,,,,,,,,,,,,,,,,,,,,,,,,,,,,,,,,,,,,,,,,,,,,,
时尚,美甲,592913326122597415,645745211923888175,,,,,,,,,,,,,,,,,,,,,,,,,,,,,,,,,,,,,,,,,,,,,,,,,,,,,,,,,,,,,,,,,,,,,,,,,,,,,,,,,,,,,,,,,
时尚,美妆,584996271205513284,602280509361485873,588566032317282355,630633829415123041,587137369302498305,587137369747093525,589830823019150381,593636813598488600,614119450582579278,608064367671506995,600330440680799245,588561193776576568,596382020924471361,600330258589284442,592918395710733350,560342855451802678,558063090342688788,629888724982955100,563281692629007403,600331387486206986,548029996525026359,614182120992143400,602178664781707268,634969470714116148,634987821607811153,634995542323230741,553955339958089730,594926222809627650,634996536507496475,580023891576092749,564093902963996672,634983472089397317,634982954176740426,630490785042790492,630707387650668607,595150875729722411,595151520796900444,606656701225105489,629888532950940759,583697919813745694,634197477647580171,629889006345255988,548663638888675393,610995085338867761,548669228889274459,553953229954743335,558048658833144877,634986580102215767,638610485752756321,630709305361955898,560336622808333343,610495029443688455,613117863445788688,608024109382760457,557579472981850152,604431455642318946,609778512221566985,586261308213689401,564814843171961874,582699629307623513,,,,,,,,,,,,,,,,,,,,,,,,,,,,,,,
时尚,球鞋开箱,603039648572374030,630595800424118307,629937078530079761,630670125202275351,630596570825488421,563281719623546896,617563743603259488,630596332865846326,629943830000565323,629976671719651363,557564629314829329,629931940457348113,,,,,,,,,,,,,,,,,,,,,,,,,,,,,,,,,,,,,,,,,,,,,,,,,,,,,,,,,,,,,,,,,,,,,,,,,,,,,,,
时尚,饰品,557582167193024525,,,,,,,,,,,,,,,,,,,,,,,,,,,,,,,,,,,,,,,,,,,,,,,,,,,,,,,,,,,,,,,,,,,,,,,,,,,,,,,,,,,,,,,,,,
时尚,T台秀,627187854403041321,634404206016591950,600330377111926878,645797838938306563,,,,,,,,,,,,,,,,,,,,,,,,,,,,,,,,,,,,,,,,,,,,,,,,,,,,,,,,,,,,,,,,,,,,,,,,,,,,,,,,,,,,,,,
时尚,腕表,630626022011829273,629969653860531220,627847867681339432,630706868630715395,630707048851568672,630707823849896999,630707133526177807,630625946539522051,614092465957369909,,,,,,,,,,,,,,,,,,,,,,,,,,,,,,,,,,,,,,,,,,,,,,,,,,,,,,,,,,,,,,,,,,,,,,,,,,,,,,,,,,
时尚,医美,,,,,,,,,,,,,,,,,,,,,,,,,,,,,,,,,,,,,,,,,,,,,,,,,,,,,,,,,,,,,,,,,,,,,,,,,,,,,,,,,,,,,,,,,,,
时尚,玉石,,,,,,,,,,,,,,,,,,,,,,,,,,,,,,,,,,,,,,,,,,,,,,,,,,,,,,,,,,,,,,,,,,,,,,,,,,,,,,,,,,,,,,,,,,,
数码,穿戴设备,629948592045553687,629968698792344672,608064513096415296,,,,,,,,,,,,,,,,,,,,,,,,,,,,,,,,,,,,,,,,,,,,,,,,,,,,,,,,,,,,,,,,,,,,,,,,,,,,,,,,,,,,,,,,
数码,电脑,630601336695684125,629970054081018894,555114950241155143,614089907658422288,605240629334768683,,,,,,,,,,,,,,,,,,,,,,,,,,,,,,,,,,,,,,,,,,,,,,,,,,,,,,,,,,,,,,,,,,,,,,,,,,,,,,,,,,,,,,
数码,手机,627858350748597337,629982081189018723,629981375598033982,627860602737522776,629973103541352532,592081951911967825,629970854354222137,629983150099003398,629981921805466661,614111878043532300,614065220932992080,607975122185354284,614067783837284435,557580134188710966,605236841878255645,614075637134654508,614063861659728922,,,,,,,,,,,,,,,,,,,,,,,,,,,,,,,,,,,,,,,,,,,,,,,,,,,,,,,,,,,,,,,,,,,,,,,,,,
数码,数码资讯,555113307147729945,605243406987426870,,,,,,,,,,,,,,,,,,,,,,,,,,,,,,,,,,,,,,,,,,,,,,,,,,,,,,,,,,,,,,,,,,,,,,,,,,,,,,,,,,,,,,,,,
数码,无人机,,,,,,,,,,,,,,,,,,,,,,,,,,,,,,,,,,,,,,,,,,,,,,,,,,,,,,,,,,,,,,,,,,,,,,,,,,,,,,,,,,,,,,,,,,,
数码,相机,592081951911967825,630708243934608408,630709866492722204,629976561937939537,629978489405175820,580047911088420934,611026064350771213,580023885930559491,629964383314902029,629981475397302321,580023881660758066,,,,,,,,,,,,,,,,,,,,,,,,,,,,,,,,,,,,,,,,,,,,,,,,,,,,,,,,,,,,,,,,,,,,,,,,,,,,,,,,
数码,智能电视,,,,,,,,,,,,,,,,,,,,,,,,,,,,,,,,,,,,,,,,,,,,,,,,,,,,,,,,,,,,,,,,,,,,,,,,,,,,,,,,,,,,,,,,,,,
体育,NBA,587137370846001207,587886410885888091,630598102946019425,580023894839262223,580023895510349910,564814692168629277,584157365266414629,608116084639398989,635009373602707495,614233804573374555,614073795508042843,614073795508042843,614073015082286166,,,,,,,,,,,,,,,,,,,,,,,,,,,,,,,,,,,,,,,,,,,,,,,,,,,,,,,,,,,,,,,,,,,,,,,,,,,,,,
体育,棒球,,,,,,,,,,,,,,,,,,,,,,,,,,,,,,,,,,,,,,,,,,,,,,,,,,,,,,,,,,,,,,,,,,,,,,,,,,,,,,,,,,,,,,,,,,,
体育,冰上运动,,,,,,,,,,,,,,,,,,,,,,,,,,,,,,,,,,,,,,,,,,,,,,,,,,,,,,,,,,,,,,,,,,,,,,,,,,,,,,,,,,,,,,,,,,,
体育,大力士,,,,,,,,,,,,,,,,,,,,,,,,,,,,,,,,,,,,,,,,,,,,,,,,,,,,,,,,,,,,,,,,,,,,,,,,,,,,,,,,,,,,,,,,,,,
体育,德州扑克,,,,,,,,,,,,,,,,,,,,,,,,,,,,,,,,,,,,,,,,,,,,,,,,,,,,,,,,,,,,,,,,,,,,,,,,,,,,,,,,,,,,,,,,,,,
体育,动物竞技,,,,,,,,,,,,,,,,,,,,,,,,,,,,,,,,,,,,,,,,,,,,,,,,,,,,,,,,,,,,,,,,,,,,,,,,,,,,,,,,,,,,,,,,,,,
体育,橄榄球,633528459550914659,,,,,,,,,,,,,,,,,,,,,,,,,,,,,,,,,,,,,,,,,,,,,,,,,,,,,,,,,,,,,,,,,,,,,,,,,,,,,,,,,,,,,,,,,,
体育,高尔夫球,629971649401321545,,,,,,,,,,,,,,,,,,,,,,,,,,,,,,,,,,,,,,,,,,,,,,,,,,,,,,,,,,,,,,,,,,,,,,,,,,,,,,,,,,,,,,,,,,
体育,格斗,587137370468514914,587137371500312621,614075400441691157,603036479993804819,610998789085461513,614211648011499571,608117724503210061,608118081144879135,,,,,,,,,,,,,,,,,,,,,,,,,,,,,,,,,,,,,,,,,,,,,,,,,,,,,,,,,,,,,,,,,,,,,,,,,,,,,,,,,,,
体育,国际象棋,,,,,,,,,,,,,,,,,,,,,,,,,,,,,,,,,,,,,,,,,,,,,,,,,,,,,,,,,,,,,,,,,,,,,,,,,,,,,,,,,,,,,,,,,,,
体育,滑雪,629973328188274762,630626274752198753,620656767010994194,604552493617249294,,,,,,,,,,,,,,,,,,,,,,,,,,,,,,,,,,,,,,,,,,,,,,,,,,,,,,,,,,,,,,,,,,,,,,,,,,,,,,,,,,,,,,,
体育,极限运动,587886409560489007,593672990644893721,593672990644893721,630620231397669920,617563895487395924,603036977287265371,630035927009458177,627854446472329234,630035620103846916,620656724195540030,627188023190223969,627857094151895128,626240856434800717,620657213687594083,630627257385352263,603037047910956054,630037202279201881,629957799457191969,629861275335261245,630626428842540110,594396844426132517,557470604612205630,617563642000439302,629980938216012833,626175579391130688,629972586039737386,617564215445683205,635042692298045469,592908963023027293,627855378111134765,593632154313947189,630627091274136617,630627434494032922,627855218694027359,620656749327808552,630036001508686943,630626508483984422,610996808518334558,603039770962163787,608122095144138805,629981146891024468,628441023946815566,635039810114944058,635039810114944058,620656739689298006,630627013973113862,630627353007094786,627852978382043153,627855909797885959,630626707537263671,628436947016219653,629982227477953601,610997171627620357,630038339724115020,630627596243172429,608116146874480654,627856856418744350,630627928222333999,626119954019777608,626185220493801556,630627767035231235,629037234504464475,630626351130475522,627852736504921135,627852517428034629,610996638590303265,635051588811094054,630625187571824661,620657003821399121,630627686747864158,610997273196886095,582871638100539431,585003419406826542,620657100315555859,627854032259644456,629983559865727033,630626107340748848,627854619227322391,608117168799874089,630627846550846475,620656582780386375,630628014616607776,630580352064289870,617565414630751266,626185731544578116,645835434506714193,635050999796594714,617565295302802526,625591355248344082,626347209060908035,626112350652594201
体育,篮球,587137370846001207,587886410885888091,630598102946019425,630582042947615784,629970595834099727,580023894839262223,580023895510349910,564814692168629277,584157365266414629,608116084639398989,635009373602707495,614233804573374555,614118717284023326,614073795508042843,614073795508042843,614073015082286166,,,,,,,,,,,,,,,,,,,,,,,,,,,,,,,,,,,,,,,,,,,,,,,,,,,,,,,,,,,,,,,,,,,,,,,,,,,
体育,排球,,,,,,,,,,,,,,,,,,,,,,,,,,,,,,,,,,,,,,,,,,,,,,,,,,,,,,,,,,,,,,,,,,,,,,,,,,,,,,,,,,,,,,,,,,,
体育,乒乓球,629192380685352005,,,,,,,,,,,,,,,,,,,,,,,,,,,,,,,,,,,,,,,,,,,,,,,,,,,,,,,,,,,,,,,,,,,,,,,,,,,,,,,,,,,,,,,,,,
体育,潜水,620656767010994194,620656645770442818,626109874897549354,,,,,,,,,,,,,,,,,,,,,,,,,,,,,,,,,,,,,,,,,,,,,,,,,,,,,,,,,,,,,,,,,,,,,,,,,,,,,,,,,,,,,,,,
体育,柔道,,,,,,,,,,,,,,,,,,,,,,,,,,,,,,,,,,,,,,,,,,,,,,,,,,,,,,,,,,,,,,,,,,,,,,,,,,,,,,,,,,,,,,,,,,,
体育,赛车,592909430998300725,627847152896441346,,,,,,,,,,,,,,,,,,,,,,,,,,,,,,,,,,,,,,,,,,,,,,,,,,,,,,,,,,,,,,,,,,,,,,,,,,,,,,,,,,,,,,,,,
体育,台球,,,,,,,,,,,,,,,,,,,,,,,,,,,,,,,,,,,,,,,,,,,,,,,,,,,,,,,,,,,,,,,,,,,,,,,,,,,,,,,,,,,,,,,,,,,
体育,田径,,,,,,,,,,,,,,,,,,,,,,,,,,,,,,,,,,,,,,,,,,,,,,,,,,,,,,,,,,,,,,,,,,,,,,,,,,,,,,,,,,,,,,,,,,,
体育,网球,,,,,,,,,,,,,,,,,,,,,,,,,,,,,,,,,,,,,,,,,,,,,,,,,,,,,,,,,,,,,,,,,,,,,,,,,,,,,,,,,,,,,,,,,,,
体育,武术,,,,,,,,,,,,,,,,,,,,,,,,,,,,,,,,,,,,,,,,,,,,,,,,,,,,,,,,,,,,,,,,,,,,,,,,,,,,,,,,,,,,,,,,,,,
体育,相扑,,,,,,,,,,,,,,,,,,,,,,,,,,,,,,,,,,,,,,,,,,,,,,,,,,,,,,,,,,,,,,,,,,,,,,,,,,,,,,,,,,,,,,,,,,,
体育,游泳,,,,,,,,,,,,,,,,,,,,,,,,,,,,,,,,,,,,,,,,,,,,,,,,,,,,,,,,,,,,,,,,,,,,,,,,,,,,,,,,,,,,,,,,,,,
体育,羽毛球,,,,,,,,,,,,,,,,,,,,,,,,,,,,,,,,,,,,,,,,,,,,,,,,,,,,,,,,,,,,,,,,,,,,,,,,,,,,,,,,,,,,,,,,,,,
体育,中国象棋,,,,,,,,,,,,,,,,,,,,,,,,,,,,,,,,,,,,,,,,,,,,,,,,,,,,,,,,,,,,,,,,,,,,,,,,,,,,,,,,,,,,,,,,,,,
体育,足球,587137371156380757,595119555041426453,635013518405532673,593672764420914248,593672764420914248,594406103889083393,595273057013201999,587692466084379677,593645747843496018,613336296531818543,625702755769646140,595120791161535495,603035691900861467,593683529345399875,629974917393283161,608117042316441658,,,,,,,,,,,,,,,,,,,,,,,,,,,,,,,,,,,,,,,,,,,,,,,,,,,,,,,,,,,,,,,,,,,,,,,,,,,
文化,雕塑,625594596321262592,,,,,,,,,,,,,,,,,,,,,,,,,,,,,,,,,,,,,,,,,,,,,,,,,,,,,,,,,,,,,,,,,,,,,,,,,,,,,,,,,,,,,,,,,,
文化,古董,558048451718412383,,,,,,,,,,,,,,,,,,,,,,,,,,,,,,,,,,,,,,,,,,,,,,,,,,,,,,,,,,,,,,,,,,,,,,,,,,,,,,,,,,,,,,,,,,
文化,国学,614179530875205678,,,,,,,,,,,,,,,,,,,,,,,,,,,,,,,,,,,,,,,,,,,,,,,,,,,,,,,,,,,,,,,,,,,,,,,,,,,,,,,,,,,,,,,,,,
文化,行为艺术,,,,,,,,,,,,,,,,,,,,,,,,,,,,,,,,,,,,,,,,,,,,,,,,,,,,,,,,,,,,,,,,,,,,,,,,,,,,,,,,,,,,,,,,,,,
文化,鉴宝,629928643365305359,,,,,,,,,,,,,,,,,,,,,,,,,,,,,,,,,,,,,,,,,,,,,,,,,,,,,,,,,,,,,,,,,,,,,,,,,,,,,,,,,,,,,,,,,,
文化,建筑,,,,,,,,,,,,,,,,,,,,,,,,,,,,,,,,,,,,,,,,,,,,,,,,,,,,,,,,,,,,,,,,,,,,,,,,,,,,,,,,,,,,,,,,,,,
文化,匠人,,,,,,,,,,,,,,,,,,,,,,,,,,,,,,,,,,,,,,,,,,,,,,,,,,,,,,,,,,,,,,,,,,,,,,,,,,,,,,,,,,,,,,,,,,,
文化,书法,,,,,,,,,,,,,,,,,,,,,,,,,,,,,,,,,,,,,,,,,,,,,,,,,,,,,,,,,,,,,,,,,,,,,,,,,,,,,,,,,,,,,,,,,,,
文化,书画,,,,,,,,,,,,,,,,,,,,,,,,,,,,,,,,,,,,,,,,,,,,,,,,,,,,,,,,,,,,,,,,,,,,,,,,,,,,,,,,,,,,,,,,,,,
文化,说书,,,,,,,,,,,,,,,,,,,,,,,,,,,,,,,,,,,,,,,,,,,,,,,,,,,,,,,,,,,,,,,,,,,,,,,,,,,,,,,,,,,,,,,,,,,
文化,戏剧,,,,,,,,,,,,,,,,,,,,,,,,,,,,,,,,,,,,,,,,,,,,,,,,,,,,,,,,,,,,,,,,,,,,,,,,,,,,,,,,,,,,,,,,,,,
文化,戏曲,,,,,,,,,,,,,,,,,,,,,,,,,,,,,,,,,,,,,,,,,,,,,,,,,,,,,,,,,,,,,,,,,,,,,,,,,,,,,,,,,,,,,,,,,,,
文化,小说,,,,,,,,,,,,,,,,,,,,,,,,,,,,,,,,,,,,,,,,,,,,,,,,,,,,,,,,,,,,,,,,,,,,,,,,,,,,,,,,,,,,,,,,,,,
文化,艺术,,,,,,,,,,,,,,,,,,,,,,,,,,,,,,,,,,,,,,,,,,,,,,,,,,,,,,,,,,,,,,,,,,,,,,,,,,,,,,,,,,,,,,,,,,,
文化,宗教,614070865627315271,,,,,,,,,,,,,,,,,,,,,,,,,,,,,,,,,,,,,,,,,,,,,,,,,,,,,,,,,,,,,,,,,,,,,,,,,,,,,,,,,,,,,,,,,,
舞蹈,芭蕾舞,,,,,,,,,,,,,,,,,,,,,,,,,,,,,,,,,,,,,,,,,,,,,,,,,,,,,,,,,,,,,,,,,,,,,,,,,,,,,,,,,,,,,,,,,,,
舞蹈,古典舞,,,,,,,,,,,,,,,,,,,,,,,,,,,,,,,,,,,,,,,,,,,,,,,,,,,,,,,,,,,,,,,,,,,,,,,,,,,,,,,,,,,,,,,,,,,
舞蹈,广场舞,,,,,,,,,,,,,,,,,,,,,,,,,,,,,,,,,,,,,,,,,,,,,,,,,,,,,,,,,,,,,,,,,,,,,,,,,,,,,,,,,,,,,,,,,,,
舞蹈,鬼步舞,,,,,,,,,,,,,,,,,,,,,,,,,,,,,,,,,,,,,,,,,,,,,,,,,,,,,,,,,,,,,,,,,,,,,,,,,,,,,,,,,,,,,,,,,,,
舞蹈,国风,,,,,,,,,,,,,,,,,,,,,,,,,,,,,,,,,,,,,,,,,,,,,,,,,,,,,,,,,,,,,,,,,,,,,,,,,,,,,,,,,,,,,,,,,,,
舞蹈,街舞,580052187793718304,600320566240606254,592909928417589342,582568297621486640,582672728820152353,608110135388272649,587137372305620025,584016121223575565,582717922605135904,600318807015290945,587838077068769360,587758281945118729,583496835988060180,583513108839004213,584205438516590617,608109787244263499,608109480657418314,600320691692238896,587657776078125115,584157360031922263,608110645029763134,608099891127908411,608138606197995543,557536938335271975,600320872416410688,608089683232160850,608103297800337426,608139306663540824,594403908338711609,630005486546188288,608104012316801105,608110973385046060,,,,,,,,,,,,,,,,,,,,,,,,,,,,,,,,,,,,,,,,,,,,,,,,,,,,,,,,,,,
舞蹈,爵士舞,559747529430924293,584157359562161243,,,,,,,,,,,,,,,,,,,,,,,,,,,,,,,,,,,,,,,,,,,,,,,,,,,,,,,,,,,,,,,,,,,,,,,,,,,,,,,,,,,,,,,,,
舞蹈,拉丁舞,,,,,,,,,,,,,,,,,,,,,,,,,,,,,,,,,,,,,,,,,,,,,,,,,,,,,,,,,,,,,,,,,,,,,,,,,,,,,,,,,,,,,,,,,,,
舞蹈,民族舞,,,,,,,,,,,,,,,,,,,,,,,,,,,,,,,,,,,,,,,,,,,,,,,,,,,,,,,,,,,,,,,,,,,,,,,,,,,,,,,,,,,,,,,,,,,
舞蹈,手势舞,630708332518307905,,,,,,,,,,,,,,,,,,,,,,,,,,,,,,,,,,,,,,,,,,,,,,,,,,,,,,,,,,,,,,,,,,,,,,,,,,,,,,,,,,,,,,,,,,
舞蹈,跳舞机,,,,,,,,,,,,,,,,,,,,,,,,,,,,,,,,,,,,,,,,,,,,,,,,,,,,,,,,,,,,,,,,,,,,,,,,,,,,,,,,,,,,,,,,,,,
舞蹈,现代舞,630625858819849245,627849065675226126,,,,,,,,,,,,,,,,,,,,,,,,,,,,,,,,,,,,,,,,,,,,,,,,,,,,,,,,,,,,,,,,,,,,,,,,,,,,,,,,,,,,,,,,,
星座命理,风水,,,,,,,,,,,,,,,,,,,,,,,,,,,,,,,,,,,,,,,,,,,,,,,,,,,,,,,,,,,,,,,,,,,,,,,,,,,,,,,,,,,,,,,,,,,
星座命理,命理,614184251111372845,614116041058024530,603754238553749570,,,,,,,,,,,,,,,,,,,,,,,,,,,,,,,,,,,,,,,,,,,,,,,,,,,,,,,,,,,,,,,,,,,,,,,,,,,,,,,,,,,,,,,,
星座命理,生肖,,,,,,,,,,,,,,,,,,,,,,,,,,,,,,,,,,,,,,,,,,,,,,,,,,,,,,,,,,,,,,,,,,,,,,,,,,,,,,,,,,,,,,,,,,,
星座命理,星座,609723468239469610,609721552382065686,614056449930296382,614279816599960620,,,,,,,,,,,,,,,,,,,,,,,,,,,,,,,,,,,,,,,,,,,,,,,,,,,,,,,,,,,,,,,,,,,,,,,,,,,,,,,,,,,,,,,
星座命理,玄学,,,,,,,,,,,,,,,,,,,,,,,,,,,,,,,,,,,,,,,,,,,,,,,,,,,,,,,,,,,,,,,,,,,,,,,,,,,,,,,,,,,,,,,,,,,
学习,K12,,,,,,,,,,,,,,,,,,,,,,,,,,,,,,,,,,,,,,,,,,,,,,,,,,,,,,,,,,,,,,,,,,,,,,,,,,,,,,,,,,,,,,,,,,,
学习,创业,,,,,,,,,,,,,,,,,,,,,,,,,,,,,,,,,,,,,,,,,,,,,,,,,,,,,,,,,,,,,,,,,,,,,,,,,,,,,,,,,,,,,,,,,,,
学习,法语,,,,,,,,,,,,,,,,,,,,,,,,,,,,,,,,,,,,,,,,,,,,,,,,,,,,,,,,,,,,,,,,,,,,,,,,,,,,,,,,,,,,,,,,,,,
学习,高考,,,,,,,,,,,,,,,,,,,,,,,,,,,,,,,,,,,,,,,,,,,,,,,,,,,,,,,,,,,,,,,,,,,,,,,,,,,,,,,,,,,,,,,,,,,
学习,公开课,,,,,,,,,,,,,,,,,,,,,,,,,,,,,,,,,,,,,,,,,,,,,,,,,,,,,,,,,,,,,,,,,,,,,,,,,,,,,,,,,,,,,,,,,,,
学习,公务员,,,,,,,,,,,,,,,,,,,,,,,,,,,,,,,,,,,,,,,,,,,,,,,,,,,,,,,,,,,,,,,,,,,,,,,,,,,,,,,,,,,,,,,,,,,
学习,韩语,,,,,,,,,,,,,,,,,,,,,,,,,,,,,,,,,,,,,,,,,,,,,,,,,,,,,,,,,,,,,,,,,,,,,,,,,,,,,,,,,,,,,,,,,,,
学习,汉语,,,,,,,,,,,,,,,,,,,,,,,,,,,,,,,,,,,,,,,,,,,,,,,,,,,,,,,,,,,,,,,,,,,,,,,,,,,,,,,,,,,,,,,,,,,
学习,考研,627850535904606213,,,,,,,,,,,,,,,,,,,,,,,,,,,,,,,,,,,,,,,,,,,,,,,,,,,,,,,,,,,,,,,,,,,,,,,,,,,,,,,,,,,,,,,,,,
学习,留学,634976912038557698,,,,,,,,,,,,,,,,,,,,,,,,,,,,,,,,,,,,,,,,,,,,,,,,,,,,,,,,,,,,,,,,,,,,,,,,,,,,,,,,,,,,,,,,,,
学习,日语,614152990695225347,614043578768947201,,,,,,,,,,,,,,,,,,,,,,,,,,,,,,,,,,,,,,,,,,,,,,,,,,,,,,,,,,,,,,,,,,,,,,,,,,,,,,,,,,,,,,,,,
学习,软件教学,614072933217859595,611024342001776676,614055410648874063,611024564115339354,614070121499065405,,,,,,,,,,,,,,,,,,,,,,,,,,,,,,,,,,,,,,,,,,,,,,,,,,,,,,,,,,,,,,,,,,,,,,,,,,,,,,,,,,,,,,
学习,时间管理,,,,,,,,,,,,,,,,,,,,,,,,,,,,,,,,,,,,,,,,,,,,,,,,,,,,,,,,,,,,,,,,,,,,,,,,,,,,,,,,,,,,,,,,,,,
学习,心理学,614221942318300188,582198212067194881,,,,,,,,,,,,,,,,,,,,,,,,,,,,,,,,,,,,,,,,,,,,,,,,,,,,,,,,,,,,,,,,,,,,,,,,,,,,,,,,,,,,,,,,,
学习,学科,583498289498946600,634938775715313710,,,,,,,,,,,,,,,,,,,,,,,,,,,,,,,,,,,,,,,,,,,,,,,,,,,,,,,,,,,,,,,,,,,,,,,,,,,,,,,,,,,,,,,,,
学习,学习技巧,634947037001021470,610492226658760751,610466361375848513,634973405063542865,635007131168406574,634973293109181452,,,,,,,,,,,,,,,,,,,,,,,,,,,,,,,,,,,,,,,,,,,,,,,,,,,,,,,,,,,,,,,,,,,,,,,,,,,,,,,,,,,,,
学习,演讲,634993593339214929,629958941155130404,,,,,,,,,,,,,,,,,,,,,,,,,,,,,,,,,,,,,,,,,,,,,,,,,,,,,,,,,,,,,,,,,,,,,,,,,,,,,,,,,,,,,,,,,
学习,英语,629967795179879443,630557229487094863,635008383948291109,629983878976763974,614251944954952751,614091042880354360,635010586930968580,634968007313062939,558063134609373219,635007223501813825,614048627687553036,614098063641933920,634967385171950655,558007877011373075,618129998190082107,634992138813306960,606645985332034623,634969621298018380,634968339048953948,635007029683026952,614250409621584977,634932077621541985,614511634154649602,,,,,,,,,,,,,,,,,,,,,,,,,,,,,,,,,,,,,,,,,,,,,,,,,,,,,,,,,,,,,,,,,,,,
学习,阅读,,,,,,,,,,,,,,,,,,,,,,,,,,,,,,,,,,,,,,,,,,,,,,,,,,,,,,,,,,,,,,,,,,,,,,,,,,,,,,,,,,,,,,,,,,,
学习,职场,594903721408855086,603730231162959872,610492270631843917,,,,,,,,,,,,,,,,,,,,,,,,,,,,,,,,,,,,,,,,,,,,,,,,,,,,,,,,,,,,,,,,,,,,,,,,,,,,,,,,,,,,,,,,
学习,自媒体,,,,,,,,,,,,,,,,,,,,,,,,,,,,,,,,,,,,,,,,,,,,,,,,,,,,,,,,,,,,,,,,,,,,,,,,,,,,,,,,,,,,,,,,,,,
音乐,MV,548029988748785687,615518237813242925,630036593752800266,630036444678846494,626250730883382279,630649577525082195,614371305996811325,629983252523908152,,,,,,,,,,,,,,,,,,,,,,,,,,,,,,,,,,,,,,,,,,,,,,,,,,,,,,,,,,,,,,,,,,,,,,,,,,,,,,,,,,,
音乐,OST,,,,,,,,,,,,,,,,,,,,,,,,,,,,,,,,,,,,,,,,,,,,,,,,,,,,,,,,,,,,,,,,,,,,,,,,,,,,,,,,,,,,,,,,,,,
音乐,r&b,626250730883382279,,,,,,,,,,,,,,,,,,,,,,,,,,,,,,,,,,,,,,,,,,,,,,,,,,,,,,,,,,,,,,,,,,,,,,,,,,,,,,,,,,,,,,,,,,
音乐,蹦迪DJ,629979046912063550,627826352797645888,625707286674930766,597996445133568011,592915582532320278,,,,,,,,,,,,,,,,,,,,,,,,,,,,,,,,,,,,,,,,,,,,,,,,,,,,,,,,,,,,,,,,,,,,,,,,,,,,,,,,,,,,,,
音乐,纯音乐,608065784817776661,608065784817776661,629197688962939942,626330327582899267,614122964847294528,635081052597124192,629068054258646030,627682951406155778,605750857029516312,,,,,,,,,,,,,,,,,,,,,,,,,,,,,,,,,,,,,,,,,,,,,,,,,,,,,,,,,,,,,,,,,,,,,,,,,,,,,,,,,,
音乐,电音,629979046912063550,627826352797645888,627840300552943651,627838570738088976,625707286674930766,627838048303971347,627839905969600538,597996445133568011,,,,,,,,,,,,,,,,,,,,,,,,,,,,,,,,,,,,,,,,,,,,,,,,,,,,,,,,,,,,,,,,,,,,,,,,,,,,,,,,,,,
音乐,翻唱,627849566399625234,627843249467423747,585747882714463301,629062965846473815,624111855331310635,630625033716366384,629055691035900977,630609433824721923,630625783305598995,614065275249227831,629062084438652962,557451780970117193,582672083979466823,555161300840347660,614397256784803884,627843620495555677,592079631958539279,627849739607604247,553868052574369873,564814636644431966,626340837602753575,627850411895815244,587133224843606089,626299801765542948,614226254868117556,627850750552307782,629056518429472828,614041726069373994,571695722792089629,614257257577839705,614298831544252452,629065288282930242,553868078889433145,627851025111448605,629054581759932461,627850214260209740,614268503865817088,,,,,,,,,,,,,,,,,,,,,,,,,,,,,,,,,,,,,,,,,,,,,,,,,,,,,,
音乐,古典,629943856105912343,627683017382557735,626272010634394641,614089594612350039,626296554526996575,629052940805602345,635081052597124192,629064259738926156,628447016827091029,630497768693168176,630710009518487579,567675148289834055,,,,,,,,,,,,,,,,,,,,,,,,,,,,,,,,,,,,,,,,,,,,,,,,,,,,,,,,,,,,,,,,,,,,,,,,,,,,,,,
音乐,古风音乐,548670091884100647,548039824425221148,614060287257081885,557582155860015197,,,,,,,,,,,,,,,,,,,,,,,,,,,,,,,,,,,,,,,,,,,,,,,,,,,,,,,,,,,,,,,,,,,,,,,,,,,,,,,,,,,,,,,
音乐,经典老歌,614182010690336791,625760282628717618,,,,,,,,,,,,,,,,,,,,,,,,,,,,,,,,,,,,,,,,,,,,,,,,,,,,,,,,,,,,,,,,,,,,,,,,,,,,,,,,,,,,,,,,,
音乐,雷鬼,,,,,,,,,,,,,,,,,,,,,,,,,,,,,,,,,,,,,,,,,,,,,,,,,,,,,,,,,,,,,,,,,,,,,,,,,,,,,,,,,,,,,,,,,,,
音乐,民乐,548670091884100647,614122964847294528,548039824425221148,554492344123127827,614060287257081885,557582155860015197,564525572057857040,627260461974420565,,,,,,,,,,,,,,,,,,,,,,,,,,,,,,,,,,,,,,,,,,,,,,,,,,,,,,,,,,,,,,,,,,,,,,,,,,,,,,,,,,,
音乐,民谣,,,,,,,,,,,,,,,,,,,,,,,,,,,,,,,,,,,,,,,,,,,,,,,,,,,,,,,,,,,,,,,,,,,,,,,,,,,,,,,,,,,,,,,,,,,
音乐,欧美音乐,620657150420712489,629984356053678131,615518237813242925,630037512884190302,630479862227925088,630036593752800266,629979046912063550,582787798954802235,627830961557600337,628444021204842558,630036521308780631,627826352797645888,629939316711357528,627101099100339251,627837259976145938,630038846379259957,629941515793332308,624653256284567563,629940021782248493,629991612233153541,627827302455180362,610999908478090309,630036373434399761,627665645288422402,592208578738255910,627828569478921221,629916370596919313,629994225913691180,554567037194729521,629071293444127828,630651812451579915,589307804442033206,630036444678846494,626250730883382279,630036154625947745,630647274130766920,627825213666621467,629995882890262596,629995111364819995,625754334325504051,634995401285564509,629048531786791981,614046470372457532,630649577525082195,629999377324308497,632831459062839309,629051477647816774,629882533946981437,628250107684453388,630009289001531428,629996114667502626,628249080784616495,629880307945961511,629050646865247265,629994870158785542,629973488997891130,627839905969600538,632833856669612063,628249206563403806,630709774570354694,630036952239963172,629048387511121937,627100895877920777,629881936493541405,630038547551878237,614163133319216170,625760069927173186,629057735817821262,629062308691311653,632780035478124561,627828289911781386,629048686934096930,627828756872034401,628250248445294602,625760282628717618,629916825083313176,630650694258522162,630037806502247506,632842542192392213,592090896550459466,627830280947891286,584994102473522215,,,,,,,,,
音乐,情歌,,,,,,,,,,,,,,,,,,,,,,,,,,,,,,,,,,,,,,,,,,,,,,,,,,,,,,,,,,,,,,,,,,,,,,,,,,,,,,,,,,,,,,,,,,,
音乐,热门音乐,629050319625649248,626267799846779921,628247512525962311,629200839497612344,629051710867896333,629929132941245453,627605495622007825,615518237813242925,629984356053678131,605789104115940418,583692319897812042,629939316711357528,629941515793332308,624653256284567563,629940021782248493,629981720185272379,627827302455180362,610999908478090309,627828569478921221,629994225913691180,554567037194729521,626250730883382279,627825213666621467,629995111364819995,625754334325504051,629052094680266836,6715303468162945024,554367671221746778,628250107684453388,629996114667502626,628432743702854680,628249206563403806,630036952239963172,629048387511121937,630038547551878237,625760069927173186,629057735817821262,627837771932891147,628250248445294602,632842542192392213,,,,,,,,,,,,,,,,,,,,,,,,,,,,,,,,,,,,,,,,,,,,,,,,,,,
音乐,台语歌,,,,,,,,,,,,,,,,,,,,,,,,,,,,,,,,,,,,,,,,,,,,,,,,,,,,,,,,,,,,,,,,,,,,,,,,,,,,,,,,,,,,,,,,,,,
音乐,嘻哈,630037512884190302,627830961557600337,628444021204842558,629943842902244369,629916370596919313,629994225913691180,629048531786791981,629999377324308497,630009289001531428,629996114667502626,628249080784616495,629880307945961511,629050646865247265,629994870158785542,628249206563403806,630037595142880261,632780035478124561,630650694258522162,,,,,,,,,,,,,,,,,,,,,,,,,,,,,,,,,,,,,,,,,,,,,,,,,,,,,,,,,,,,,,,,,,,,,,,,,
音乐,演唱会LIVE,634995401285564509,627187228319283264,,,,,,,,,,,,,,,,,,,,,,,,,,,,,,,,,,,,,,,,,,,,,,,,,,,,,,,,,,,,,,,,,,,,,,,,,,,,,,,,,,,,,,,,,
音乐,摇滚,605120905460447251,653089960930441257,627828756872034401,,,,,,,,,,,,,,,,,,,,,,,,,,,,,,,,,,,,,,,,,,,,,,,,,,,,,,,,,,,,,,,,,,,,,,,,,,,,,,,,,,,,,,,,
音乐,音乐教学,629067869398891597,,,,,,,,,,,,,,,,,,,,,,,,,,,,,,,,,,,,,,,,,,,,,,,,,,,,,,,,,,,,,,,,,,,,,,,,,,,,,,,,,,,,,,,,,,
音乐,原创音乐,,,,,,,,,,,,,,,,,,,,,,,,,,,,,,,,,,,,,,,,,,,,,,,,,,,,,,,,,,,,,,,,,,,,,,,,,,,,,,,,,,,,,,,,,,,
影视,大陆电视剧,,,,,,,,,,,,,,,,,,,,,,,,,,,,,,,,,,,,,,,,,,,,,,,,,,,,,,,,,,,,,,,,,,,,,,,,,,,,,,,,,,,,,,,,,,,
影视,大陆电影,,,,,,,,,,,,,,,,,,,,,,,,,,,,,,,,,,,,,,,,,,,,,,,,,,,,,,,,,,,,,,,,,,,,,,,,,,,,,,,,,,,,,,,,,,,
影视,短片,620656788569717775,630037892393203713,594396634333445209,629939519438845991,629979040947763263,626110777973144637,630607932783983661,614151866873411668,630606068264860675,630617844058552377,558063453091265609,557580538125350928,630617584330471495,630608787532806144,630609001937239137,630618546042436657,630609197777680481,620657055277120604,629917064578070547,,,,,,,,,,,,,,,,,,,,,,,,,,,,,,,,,,,,,,,,,,,,,,,,,,,,,,,,,,,,,,,,,,,,,,,,
影视,剪辑片段,629983495860649050,625760693964109921,,,,,,,,,,,,,,,,,,,,,,,,,,,,,,,,,,,,,,,,,,,,,,,,,,,,,,,,,,,,,,,,,,,,,,,,,,,,,,,,,,,,,,,,,
影视,科幻片,539415676408953924,548055819026036772,,,,,,,,,,,,,,,,,,,,,,,,,,,,,,,,,,,,,,,,,,,,,,,,,,,,,,,,,,,,,,,,,,,,,,,,,,,,,,,,,,,,,,,,,
影视,美剧,,,,,,,,,,,,,,,,,,,,,,,,,,,,,,,,,,,,,,,,,,,,,,,,,,,,,,,,,,,,,,,,,,,,,,,,,,,,,,,,,,,,,,,,,,,
影视,幕后花絮,630613691487877208,603766053799066695,,,,,,,,,,,,,,,,,,,,,,,,,,,,,,,,,,,,,,,,,,,,,,,,,,,,,,,,,,,,,,,,,,,,,,,,,,,,,,,,,,,,,,,,,
影视,偶像剧,630708161382317057,629983162623195174,629983573706931299,,,,,,,,,,,,,,,,,,,,,,,,,,,,,,,,,,,,,,,,,,,,,,,,,,,,,,,,,,,,,,,,,,,,,,,,,,,,,,,,,,,,,,,,
影视,武侠剧,559696890717927439,,,,,,,,,,,,,,,,,,,,,,,,,,,,,,,,,,,,,,,,,,,,,,,,,,,,,,,,,,,,,,,,,,,,,,,,,,,,,,,,,,,,,,,,,,
影视,影评,603754577713559623,608895962435418150,,,,,,,,,,,,,,,,,,,,,,,,,,,,,,,,,,,,,,,,,,,,,,,,,,,,,,,,,,,,,,,,,,,,,,,,,,,,,,,,,,,,,,,,,
影视,影视混剪,,,,,,,,,,,,,,,,,,,,,,,,,,,,,,,,,,,,,,,,,,,,,,,,,,,,,,,,,,,,,,,,,,,,,,,,,,,,,,,,,,,,,,,,,,,
影视,影视解说,629980601446955046,630036229536218121,584933407908296746,539415676408953924,605871463410563114,605871463410563114,548055819026036772,548055819026036772,554345761150728231,604549338343012420,607970475693439046,584866014863424591,555646597650839617,555157117131160657,629927549507599421,629927549507599421,539415210295949340,539415210295949340,604576044206389286,614061532889872458,603752965230165008,557401662828968998,604420498333497396,580052184228558920,610474564830492702,610472665850969134,614050633177233425,548661125686884426,607387654578895920,603755403018369061,557520536199101525,614075521841625183,555113342992251908,603766770597231618,605238328196987960,603767195002075168,605235375599908927,606645489103928350,608896976727177240,567599934042405924,548538614789830676,603732125579082770,614046708357266442,610466569639820325,608894407070054425,603756291975936002,605241822421318710,614078195509099593,580052182391453755,558063453091265609,610478500069112877,,,,,,,,,,,,,,,,,,,,,,,,,,,,,,,,,,,,,,,,
影视,影视资讯,,,,,,,,,,,,,,,,,,,,,,,,,,,,,,,,,,,,,,,,,,,,,,,,,,,,,,,,,,,,,,,,,,,,,,,,,,,,,,,,,,,,,,,,,,,
影视,预告片,620656987312617522,630593374883280906,630472677586500689,630478263963221013,629919871540525103,629969297554406468,629981356430064702,620656835730470977,618363896320883773,629981250431612998,620656852222474252,630628093377248263,629969498167966769,629955778993846367,629920147701889106,629846533153617994,614093516471138369,629919740007152682,630561966223652922,627100791624300599,630003678390123552,628466895730900024,629983674202455125,629982002990414877,629920312923912254,630628184360089627,629919576362186802,614119980507724854,625476912371857482,614103785788274779,614038169333135390,629878023249852452,629876963038854166,614578784265435144,629927549507599421,630000883951859781,,,,,,,,,,,,,,,,,,,,,,,,,,,,,,,,,,,,,,,,,,,,,,,,,,,,,,,
游戏,电竞,629932792429541412,614044705375779877,608914901320203341,580047919049210900,635032746202364939,,,,,,,,,,,,,,,,,,,,,,,,,,,,,,,,,,,,,,,,,,,,,,,,,,,,,,,,,,,,,,,,,,,,,,,,,,,,,,,,,,,,,,
游戏,卡牌游戏,,,,,,,,,,,,,,,,,,,,,,,,,,,,,,,,,,,,,,,,,,,,,,,,,,,,,,,,,,,,,,,,,,,,,,,,,,,,,,,,,,,,,,,,,,,
游戏,手游,614197247682411564,582706288738302009,579155879054669851,564043467683133500,635062511491742808,629966626948773894,585782123930188879,564043600600628262,564556065168029768,,,,,,,,,,,,,,,,,,,,,,,,,,,,,,,,,,,,,,,,,,,,,,,,,,,,,,,,,,,,,,,,,,,,,,,,,,,,,,,,,,
游戏,游戏点评,,,,,,,,,,,,,,,,,,,,,,,,,,,,,,,,,,,,,,,,,,,,,,,,,,,,,,,,,,,,,,,,,,,,,,,,,,,,,,,,,,,,,,,,,,,
游戏,游戏集锦,629931205732726802,626176117226731528,629980851125483542,564043675829663815,630607323762653205,630486031268969499,629956050516311056,,,,,,,,,,,,,,,,,,,,,,,,,,,,,,,,,,,,,,,,,,,,,,,,,,,,,,,,,,,,,,,,,,,,,,,,,,,,,,,,,,,,
游戏,游戏解说,564094072933973057,629933177374373965,604418048373423188,605819441248336952,629966498913451020,629945874279169055,609711931328165927,584996395289803853,614133164169885723,614100944382195727,585782123930188879,585782123930188879,564043600600628262,586263330933569563,614058416631052302,614044313233520730,614081507121821729,635056612102503518,614050930771491898,605915082100177964,614053506275474472,614047526011664476,,,,,,,,,,,,,,,,,,,,,,,,,,,,,,,,,,,,,,,,,,,,,,,,,,,,,,,,,,,,,,,,,,,,,
游戏,游戏实况,582941222484704329,625761838916827186,629960980945828914,629941080919505930,582942646140533770,614300021745122331,629865291834326090,607369382009632800,629957216658652232,629926071418092570,630486031268969499,,,,,,,,,,,,,,,,,,,,,,,,,,,,,,,,,,,,,,,,,,,,,,,,,,,,,,,,,,,,,,,,,,,,,,,,,,,,,,,,
游戏,游戏资讯,620656843951307863,633563575589403650,629959594971626584,620657189478070278,608916231753432069,635062511491742808,585782123930188879,,,,,,,,,,,,,,,,,,,,,,,,,,,,,,,,,,,,,,,,,,,,,,,,,,,,,,,,,,,,,,,,,,,,,,,,,,,,,,,,,,,,
游戏,主机游戏,630598102946019425,629934627731143749,628438577476402246,629967738456112195,625591378937773102,629963173149145089,629932792429541412,614272046123318287,,,,,,,,,,,,,,,,,,,,,,,,,,,,,,,,,,,,,,,,,,,,,,,,,,,,,,,,,,,,,,,,,,,,,,,,,,,,,,,,,,,
游戏,桌游,,,,,,,,,,,,,,,,,,,,,,,,,,,,,,,,,,,,,,,,,,,,,,,,,,,,,,,,,,,,,,,,,,,,,,,,,,,,,,,,,,,,,,,,,,,
娱乐,东南亚娱乐,,,,,,,,,,,,,,,,,,,,,,,,,,,,,,,,,,,,,,,,,,,,,,,,,,,,,,,,,,,,,,,,,,,,,,,,,,,,,,,,,,,,,,,,,,,
娱乐,港台娱乐,614301089438760009,554407450764245011,614038898361891933,,,,,,,,,,,,,,,,,,,,,,,,,,,,,,,,,,,,,,,,,,,,,,,,,,,,,,,,,,,,,,,,,,,,,,,,,,,,,,,,,,,,,,,,
娱乐,韩国娱乐,629980771760863307,629050319625649248,626267799846779921,628247512525962311,629200839497612344,629051710867896333,629929132941245453,627675201078950996,630708761016794196,627605495622007825,627838598252723208,629960682915362821,620348725279193097,628434598105316390,627838185046670357,627605432128633935,627837259976145938,629052760005933105,627605409529722941,629919017152412709,629955091278986305,627678264422430759,629998402526115911,628437128906405888,628432743702854680,629960301359527953,627837771932891147,587841173907962926,627684272326704144,627667741786110983,629919981917829179,630655414133980208,629957169892161560,630471872515013687,614129409957428288,630578248268512346,630578248268512346,614048834844228707,,,,,,,,,,,,,,,,,,,,,,,,,,,,,,,,,,,,,,,,,,,,,,,,,,,,,
娱乐,红毯,,,,,,,,,,,,,,,,,,,,,,,,,,,,,,,,,,,,,,,,,,,,,,,,,,,,,,,,,,,,,,,,,,,,,,,,,,,,,,,,,,,,,,,,,,,
娱乐,内地娱乐,555155737658128420,558147133843306560,635547030183345152,635561831261404165,614320325456428072,614530177071971388,564533208115444831,555112887566334016,614045095580268616,,,,,,,,,,,,,,,,,,,,,,,,,,,,,,,,,,,,,,,,,,,,,,,,,,,,,,,,,,,,,,,,,,,,,,,,,,,,,,,,,,
娱乐,欧美娱乐,620657150420712489,627830961557600337,629939252555282492,592090896550459466,630471872515013687,628436302888564834,584994102473522215,,,,,,,,,,,,,,,,,,,,,,,,,,,,,,,,,,,,,,,,,,,,,,,,,,,,,,,,,,,,,,,,,,,,,,,,,,,,,,,,,,,,
娱乐,日本娱乐,614327148104252512,614261682082020412,614099420331505716,614212022403464290,653094163111344158,,,,,,,,,,,,,,,,,,,,,,,,,,,,,,,,,,,,,,,,,,,,,,,,,,,,,,,,,,,,,,,,,,,,,,,,,,,,,,,,,,,,,,
娱乐,网络红人,,,,,,,,,,,,,,,,,,,,,,,,,,,,,,,,,,,,,,,,,,,,,,,,,,,,,,,,,,,,,,,,,,,,,,,,,,,,,,,,,,,,,,,,,,,
娱乐,选秀,,,,,,,,,,,,,,,,,,,,,,,,,,,,,,,,,,,,,,,,,,,,,,,,,,,,,,,,,,,,,,,,,,,,,,,,,,,,,,,,,,,,,,,,,,,
娱乐,娱乐产业,,,,,,,,,,,,,,,,,,,,,,,,,,,,,,,,,,,,,,,,,,,,,,,,,,,,,,,,,,,,,,,,,,,,,,,,,,,,,,,,,,,,,,,,,,,
综艺,港台综艺,,,,,,,,,,,,,,,,,,,,,,,,,,,,,,,,,,,,,,,,,,,,,,,,,,,,,,,,,,,,,,,,,,,,,,,,,,,,,,,,,,,,,,,,,,,
综艺,广播,,,,,,,,,,,,,,,,,,,,,,,,,,,,,,,,,,,,,,,,,,,,,,,,,,,,,,,,,,,,,,,,,,,,,,,,,,,,,,,,,,,,,,,,,,,
综艺,韩国综艺,630605581155171423,634985148888250408,629981563989392458,634981431434673214,629983728518690894,634987075659233364,653854266307508256,629071508528035862,630605581155171423,653061834598906956,627686713143195744,,,,,,,,,,,,,,,,,,,,,,,,,,,,,,,,,,,,,,,,,,,,,,,,,,,,,,,,,,,,,,,,,,,,,,,,,,,,,,,,
综艺,魔术,,,,,,,,,,,,,,,,,,,,,,,,,,,,,,,,,,,,,,,,,,,,,,,,,,,,,,,,,,,,,,,,,,,,,,,,,,,,,,,,,,,,,,,,,,,
综艺,内地综艺,,,,,,,,,,,,,,,,,,,,,,,,,,,,,,,,,,,,,,,,,,,,,,,,,,,,,,,,,,,,,,,,,,,,,,,,,,,,,,,,,,,,,,,,,,,
综艺,欧美综艺,600321103799384132,587838462902794291,587137376021772347,556548884632042525,600326289485855784,584206010107951183,587838462466587717,629929986305947657,600321926537280573,624111315960592444,600326183294467157,624111928706464863,600319935266289749,600326523368634402,624110976364574801,637987409696521236,600320964171004943,600326131536754716,629919821703805017,629916908986170446,600321858589555783,630009532514433044,600323651126033498,634978928961910833,600326333937089581,630609425620662366,629122031738288167,629122031738288167,634938605468514325,588571677355539477,634974018933488675,574145086009505839,620657195685641234,637959118780496994,,,,,,,,,,,,,,,,,,,,,,,,,,,,,,,,,,,,,,,,,,,,,,,,,,,,,,,,,
综艺,日本综艺,,,,,,,,,,,,,,,,,,,,,,,,,,,,,,,,,,,,,,,,,,,,,,,,,,,,,,,,,,,,,,,,,,,,,,,,,,,,,,,,,,,,,,,,,,,
综艺,脱口秀,620657039674308685,592917530190937115,587137375224855591,630011914132518913,,,,,,,,,,,,,,,,,,,,,,,,,,,,,,,,,,,,,,,,,,,,,,,,,,,,,,,,,,,,,,,,,,,,,,,,,,,,,,,,,,,,,,,
综艺,相声,,,,,,,,,,,,,,,,,,,,,,,,,,,,,,,,,,,,,,,,,,,,,,,,,,,,,,,,,,,,,,,,,,,,,,,,,,,,,,,,,,,,,,,,,,,
综艺,小品,,,,,,,,,,,,,,,,,,,,,,,,,,,,,,,,,,,,,,,,,,,,,,,,,,,,,,,,,,,,,,,,,,,,,,,,,,,,,,,,,,,,,,,,,,,
综艺,杂技,,,,,,,,,,,,,,,,,,,,,,,,,,,,,,,,,,,,,,,,,,,,,,,,,,,,,,,,,,,,,,,,,,,,,,,,,,,,,,,,,,,,,,,,,,,
综艺,真人秀,,,,,,,,,,,,,,,,,,,,,,,,,,,,,,,,,,,,,,,,,,,,,,,,,,,,,,,,,,,,,,,,,,,,,,,,,,,,,,,,,,,,,,,,,,,
