老外视界,672876402657327199,607971207540766725,605239640519211026,614224294844693527,582863106265447454,584926931273775147,555112235184289821,614084879434512416,607388466101221391,555113855435537432,614081004098944034,620321310335171646,605239179691030616,548057105687508992,555165019845819448,614359259930557516,555112235184289821,670614557007412226,582825852667033611,674709365120433246,585003310933736486,694906563535697941,604429731984701483,614204446248926212,614061945022183514,694415686832879654,555115034026571782,694374646180609091,587749399180998691,660441679754557470,614099855633152043,614075673893534783,695700092641999955,617526807463327790,,,,,,,,,,,,,,,,,,,,,
奇案解密,614254783584401483,604550883767876694,665553701865388039,555157040727717953,665500784856792152,614108779249794100,564525550004206626,614258002435897424,558064159185566749,604551149007273054,548041548242221136,548659021907885125,586262395956099140,557564734608636995,635654919292058675,558063995892923464,580023898521860151,548659731424738345,557579475506821169,614102177213970526,544503370004692067,614117738358634581,548039470224636954,555156860548806731,557994889390980178,557581239647860811,614110556779052077,558063329283799060,610480161374205995,558063343586375716,614040500602797086,559762250573936662,614052154124138520,558048666617773087,614050896445307934,557582188147768359,694556633952548880,614359432257730627,614174847146261535,564525543838579718,555151556046093409,614117523551550464,695673749317483539,695689196293192778,696405169321147423,628279482433797173,679079182464056384,582699631086009436,614530066401064978,696495998274501697,635107069898389507,698638152170077263,694994420614954017,698940225642167323,676245846192420936
猛兽对决,679068244784577625,627655655999797296,694253363677755414,694380543346866224,685869035025463314,694258364068263987,694525754362428504,679068226228975694,627667117430406233,676133889498019888,681192738940647437,684245657386612741,684251018889919536,679068226228975694,686492146666174522,681192730283605019,681192695412161539,684418598069991497,686491429926730830,678350815477495891,683528597849373754,681192703842711604,681192757521415219,694594457867254870,695067597495991340,695067561383032912,695307569406801966,695314990363703340,695305635908155437,696518052176590925,696502925796703274,695823095203757144,684286884509251630,694274693349375069,695830401362557959,699450199841568843,688688737619671052,684421432647744524,699450584199198735,699450807671715935,684249258884462637,695830401362557959,,,,,,,,,,,,,
亲子乐园,588472824254036002,674715167797409832,629982588750133342,606668933862390860,608916760655166522,683356664721700867,686495867408087065,633555054768553041,588486850879027256,629977093557582867,675473634954967061,675473825401535549,675474168210390049,629977756492495925,614170964713929809,629889704780757042,629889432780142648,630585141959457817,614104004177296428,588470444523386920,629926911998556175,629889942765567073,606708311951277083,675473985816886351,629890300195764277,675473865683631195,670346426124991499,670437302650140676,629891112548563993,587150982956317767,587152726444604433,681187462816594008,686510340265080850,,,,,,,,,,,,,,,,,,,,,,
疯狂野人,587137366995631112,620657220155209759,620656731804006436,670340046420834361,617565813131573333,620656798208228362,629980761224772629,602282790534379613,630637353519676430,686523242732715040,688659200492042302,629980761224772629,598741297353848919,688659208486385741,628502265768049757,666039396723718177,617565768026028126,688659248206444617,688659253390605394,629187048751889495,686523275112740911,686523282486328373,688659208486385741,626297712767268917,688659297170750545,688659304795994153,620656798208228362,6676367815073406976,,,,,,,,,,,,,,,,,,,,,,,,,,,
家有猛宠,625749014052206690,627102031829661760,626186530744039427,625765948084844545,629980237003881530,630706798040579076,614063854059649113,628507546681997346,614152705088289891,625768017604769842,630707726659484746,663365329893850163,553218791427930120,689429987025090656,689429991630437456,689429996294503426,689430000824350798,614063854059649113,663365329893850163,587161465629309959,588465731459479593,689118297255443514,681200193678474305,678352016357062675,689118826551442435,625749014052206690,625749149964434460,678355050969561180,629240642393995356,670339195539160149,683366514239339612,,,,,,,,,,,,,,,,,,,,,,,,
深夜听书,614108739940777011,674710654298487836,683357608691760173,614132777597663259,614384258351495171,628278789627050011,694359623718795316,673349227889425411,614341820853386326,576953636024876128,614092567627299906,554697833486350347,558848883348862983,694464950334258190,694467346305251361,548669700303878157,603755403018369061,554697833486350347,614092567627299906,,,,,,,,,,,,,,,,,,,,,,,,,,,,,,,,,,,,
潜入深渊,698586082410888237,698584088044502107,626118291078903880,624112013565622318,698703455092603991,698636170545986605,699366968475645970,698580496747199550,699256029050959941,699260940094404695,695124844477544475,699975447439604803,699975784728755239,698808123101674511,699368833053490230,699384610280306767,614059162822899793,700039515223488596,699526165188180044,699529608527215617,699530361664830486,699531449952500805,699534989659864126,699261845804021798,690702715698935881,614109648880008192,700112863123078195,614142226332776477,700312177623562272,700118601132276745,,,,,,,,,,,,,,,,,,,,,,,,,
漫谈历史,583517235958643762,603039066369423459,584221586134005822,583517550615329871,576953636024876128,564556079453830177,582699631597713447,610474057672030235,614553690885454905,558063212354992145,676262884084415555,699994882317614176,610475562705747016,584221102841134090,583517394125846540,607370225291229212,674710105641580548,589904208365484102,589983132214753320,603007991651891232,637221497112492068,,,,,,,,,,,,,,,,,,,,,,,,,,,,,,,,,,
海外生活,614394735303457800,604431558042056713,,614050088664299568,557580137594484786,557564806968769624,673258602980571188,584823096790350933,614072346535394338,589313372841966654,614058439188020235,604426127659891753,614180156858301483,614354554810661890,614095619335780373,602210662170623067,614117731916183583,605239179691030616,614578429494426696,614230994062539835,548659586016607304,614128559730064455,614085541085969438,614100942989686821,614150225642257500,607373362253133824,555157707647220780,614074327236738124,609751683112761348,699488383661111324,683360879099639841,614551837481236532,609782314752407649,614079494518602823,557564940095977503,614053414378272860,561671477705964604,614067959394073659,614181257082959877,614116624393436162,614103931540339745,554675377837045828,669627979011323989,564067164200499272,674712331701320716,698737256116123742,614164247821285423,614087667505822727,,,,,,,
微观森林,614036915445955661,557564743148238898,614052669889312821,700767879357921327,700768272682973234,700817246416665603,614539630362097685,614591865158760475,610474520714804228,614104728609093639,614057709706279983,700767417799931971,700768216420579400,700771520525499479,669643748998772755,700773787018328087,700255598232598570,670367617241970692,700255885097827376,700167423837468766,700167453424089132,610474357011119187,614049156991940678,700186252755990584,614360390303874060,700186626955017315,700774590831523889,700775008164772924,700775381701097564,700775973324453972,700776754060590089,700718081233778690,700718436390664272,700718991641016338,700719384764741642,700719617364065351,700720440362006593,700817802388437060,605238178678437940,700817777054841892,614218180891637791,700754015312541791,700754909999528972,700789963735824440,700790097819334753,700790288660167687,700790533825625125,,,,,,,,
潮玩好物,683379239036254246,614282690612557909,603039648572374030,614040930401515601,554708300355206193,554719086695808071,555113927527234594,683379221789277244,614036444333340749,563281719623546896,678359500857669723,675476215953487958,614057328142056468,700179474005752848,606708891067219032,604551046699808815,614144171550309400,614242912219298826,683379230379210756,630670125202275351,688686098907527197,605939076538955870,609776042229496890,614092465957369909,554708300355206193,603041443541548046,606037472075446362,629943830000565323,629931940457348113,604548935220066390,614171502826354721,610982120518711306,605239504565042270,675476128426752069,600330601414916114,603040744720170030,679060465734777898,699657229328055356,563374659108730900,,,,,,,,,,,,,,,,
街头小吃,582825852667033611,582824235913836555,582882890403150866,673997505295416366,703723709858446387,703723908307744789,629078626454862944,704330650116815961,629074370192603228,582699467524929592,612493589328559172,614099263187713080,564067238926219362,669648302855288894,669636335054747718,629078626454862944,669652704987052050,582823571972290585,669635185614125080,582905770348247082,582824235913836555,626335530348574733,669652006408944659,582900933627869242,669636335054747718,582882890403150866,583692671472761922,675630381975862319,605946930767460385,606701714160090157,679062242836216870,674712820748778590,673965066623777863,675632055813536793,582856073784981569,669648302855288894,582882890403150866,,,,,,,,,,,,,,,,,,
穷游天下,580033069392721937,579145170988169235,560295869407164506,605242760955558970,614059380691827764,703741920628832350,558083967474071592,606708625039292486,628448036185570402,614182454875519014,614053883695725656,587820342268000349,556614042414872654,696488256151353349,564067164200499272,614139960821414932,556876332745750618,584982956119029842,558048464091610155,614270404145576967,614147811786749986,614108989510252565,614037898632755292,614041164561119244,608064608567163919,583691068149726305,614047318880156747,614331260032121861,558061938360319009,584823798329636935,614069862534347803,605239923081084002,614106079023986723,,,,,,,,,,,,,,,,,,,,,,
暴力摩托,583692176570055718,679074021431703577,614141718914267155,695813142086809676,695863370227775493,593672990644893721,679073994906926106,681418984924510267,614045481632398360,679074361581370437,614146910976080972,629975819453855760,603037047910956054,678775690906171481,695863366243187734,681419011281517636,700023602478709774,629954453006579793,694982560071153672,630627434494032922,695863368214510642,679074370011920466,694982537547741277,602288952294112325,694982547622460462,701787774874941527,691359299076750435,630035927009458177,630627257385352263,593632154313947189,629971098471102464,629940029348772890,594399508866137088,630627513212730377,694981760771030106,694274237361421383,,,,,,,,,,,,,,,,,,,
稳住别浪,554402199302699051,564556061435099206,614140349633395757,609711931328165927,580023886299658328,558106082654943331,670434248987113516,579155879054669851,614045589686057027,555147301209897995,609696051441564747,614352842653826085,605238918947928126,564556065168029768,614096699838822403,580023889663490119,557580521171975201,,,,,,,,,,,,,,,,,,,,,,,,,,,,,,,,,,,,,,
疯狂实验,629982310600669206,670377862055984191,670338917205146636,587728064149060683,625591347354662982,670378258736478290,670364429654817852,627845803689506915,670377572279908359,629990466710009906,629976940037666889,625591315268237344,629954558610765863,670377796616453183,678344126560861227,629907492463310914,685898672833166366,685889963545459758,629990466710009906,629952844046399516,670378049012890718,627863452565764184,681191920439000093,670363812286822450,585014522954251294,595867140219862039,629936871054637071,698774363417214049,698778075057486890,696471420416423954,620656883604257794,629981603029974106,630038473488857185,,,,,,,,,,,,,,,,,,,,,,